id,title,description,instructions,visibility,is_published,author_id,author_username,image,history_created,history_modified,history_shared,stats_views,stats_loves,stats_favorites,stats_comments,stats_remixes,remix_parent,remix_root
16074797,✪✪Europe Quiz✪✪,"P L E A S E   A S K   F O R    C H A N G E S   Y O U   W  A N T .
You will see that I am good at responding to any requests.  
Please also check out my other projects, particularly

Lego builder  http://scratch.mit.edu/projects/30992050/#fullscreen
Car racing      http://scratch.mit.edu/projects/30081360/#fullscreen
Trading game http://scratch.mit.edu/projects/21934344/#fullscreen
Platformer       http://scratch.mit.edu/projects/30327818/#fullscreen
","Click on the red button to restart the game.
Click on the question marks, then type in the name of the country.
See how many attempts it takes you to get all 10 of the hidden countries...








atomicmagicnumber atomic magic number
awesome game teaching learning information cool hack game #awesome play fun enjoy good great play happy hot scratch music madness Christmas 2014 2013  2015 best playable mega mashable mixable remix # lego builder fun ",visible,True,3055199,unknown,https://cdn2.scratch.mit.edu/get_image/project/16074797_480x360.png,2013-12-28T19:11:01.000Z,2018-01-30T17:49:06.000Z,2013-12-28T20:10:16.000Z,2576,44,35,84,0,,
21934344,Trade King III,"         M  O  R  E       A  W  E  S  O  M  E        G  A  M  E  S 

✪✪✪✪✪✪✪✪✪✪✪✪✪✪✪✪✪✪✪✪✪✪✪✪✪✪✪✪✪✪
✪Penalty                  http://scratch.mit.edu/projects/31882400/      ✪
✪Fireworks game       http://scratch.mit.edu/projects/30327818/    ✪
✪Top Gear Racing     http://scratch.mit.edu/projects/30081360/   ✪
✪Lego builder           http://scratch.mit.edu/projects/30992050/     ✪
✪✪✪✪✪✪✪✪✪✪✪✪✪✪✪✪✪✪✪✪✪✪✪✪✪✪✪✪✪✪","Welcome to Trade King.  The idea is simple, you buy stuff from the suppliers, and you sell it on.  Will you end up a millionaire, or will you end up a fraud, or a bankrupt?  

✪✪✪✪✪✪✪✪✪✪✪✪✪✪✪✪✪✪✪✪✪✪✪✪✪✪✪✪✪✪
✪  Bank Robbery       http://scratch.mit.edu/projects/32045424/     ✪
✪✪✪✪✪✪✪✪✪✪✪✪✪✪✪✪✪✪✪✪✪✪✪✪✪✪✪✪✪✪


atomicmagicnumber atomic magic number
awesome game teaching learning information cool hack game #awesome play fun enjoy good great play happy hot scratch music madness Christmas 2014 2013  2015 best playable mega mashable mixable remix # trade swap maths English business earn win money cash pounds dollars $ 3
",visible,True,3055199,unknown,https://cdn2.scratch.mit.edu/get_image/project/21934344_480x360.png,2014-05-10T12:01:31.000Z,2018-03-19T20:42:38.000Z,2014-05-11T18:10:20.000Z,3018,69,58,104,0,,
30081360,✪✪✪Top Gear✪✪✪ ,"         M  O  R  E       A  W  E  S  O  M  E        G  A  M  E  S 

✪✪✪✪✪✪✪✪✪✪✪✪✪✪✪✪✪✪✪✪✪✪✪✪✪✪✪✪✪✪
✪  Bank Robbery       http://scratch.mit.edu/projects/32045424/ ✪ ✪Penalty                  http://scratch.mit.edu/projects/31882400/      ✪
✪Lego builder           http://scratch.mit.edu/projects/30992050/     ✪
✪Trading game         http://scratch.mit.edu/projects/21934344/    ✪
✪✪✪✪✪✪✪✪✪✪✪✪✪✪✪✪✪✪✪✪✪✪✪✪✪✪✪✪✪✪"," NEW LEVELS ADDED!  Use cursor keys to turn, and change gear.
Collect the stars to beat the Stig. Keep to the tarmac for max speed!

✪✪✪✪✪✪✪✪✪✪✪✪✪✪✪✪✪✪✪✪✪✪✪✪✪✪✪✪✪✪✪✪✪
https://scratch.mit.edu/projects/157306339/  
Fidget spinner pro.  An awesome clicker game!
✪✪✪✪✪✪✪✪✪✪✪✪✪✪✪✪✪✪✪✪✪✪✪✪✪✪✪✪✪✪✪✪✪✪
Top gear car racing game formula one 1 speed track
atomicmagicnumber atomic magic number
awesome game teaching learning information cool hack game #awesome play fun enjoy good great play happy hot scratch music madness Christmas 2014 2013  2015 best playable mega mashable mixable remix # lego builder fun ",visible,True,3055199,unknown,https://cdn2.scratch.mit.edu/get_image/project/30081360_480x360.png,2014-10-16T18:12:08.000Z,2017-04-26T20:37:41.000Z,2014-10-16T18:19:26.000Z,9635,232,199,368,0,,
30327818,Bear Escape Game  ✪✪✪✪✪,"             M  O  R  E       A  W  E  S  O  M  E        G  A  M  E  S 

✪✪✪✪✪✪✪✪✪✪✪✪✪✪✪✪✪✪✪✪✪✪✪✪✪✪✪✪✪✪
✪Top Gear Racing     http://scratch.mit.edu/projects/30081360/    ✪
✪Lego builder           http://scratch.mit.edu/projects/30992050/     ✪ ✪Mouses trap         http://scratch.mit.edu/projects/31560432/       ✪
✪Penalty                  http://scratch.mit.edu/projects/31882400/      ✪
✪✪✪✪✪✪✪✪✪✪✪✪✪✪✪✪✪✪✪✪✪✪✪✪✪✪✪✪✪✪




","Enjoy this story platformer...  Use arrow keys..


★★★★★★★★★★★★★★★★★★★★★★★★★★★★★★
❤ ❤ ❤ ❤ ❤ ❤ ❤ ❤ ❤ ❤ ❤ ❤ ❤ ❤ ❤ ❤ ❤ ❤ ❤ 
Scratch Fame Game https://scratch.mit.edu/projects/149610906/
❤ ❤ ❤ ❤ ❤ ❤ ❤ ❤ ❤ ❤ ❤ ❤ ❤ ❤ ❤ ❤ ❤ ❤ ❤ 
★★★★★★★★★★★★★★★★★★★★★★★★★★★★★★

atomicmagicnumber atomic magic number
awesome game teaching learning information cool hack game #awesome play fun enjoy good great play happy hot scratch children in need Pudsey platform Christmas 2014



",visible,True,3055199,unknown,https://cdn2.scratch.mit.edu/get_image/project/30327818_480x360.png,2014-10-18T15:10:14.000Z,2018-04-27T16:45:51.000Z,2014-10-19T18:06:37.000Z,2573,95,83,206,0,,
30992050,✪✪✪Lego Builder Fun✪✪✪,"                   M O R E    -  A W E S O M E  -  G A M E S 
❤❤❤❤❤❤❤❤❤❤❤❤❤❤❤❤❤❤❤❤❤❤❤❤❤❤❤❤❤
Bank Robbery       http://scratch.mit.edu/projects/32045424/
Penalty                  http://scratch.mit.edu/projects/31882400/
Car racing             http://scratch.mit.edu/projects/30081360/
Top Gear Racing   http://scratch.mit.edu/projects/32045424/
Trading game         http://scratch.mit.edu/projects/21934344/
❤❤❤❤❤❤❤❤❤❤❤❤❤❤❤❤❤❤❤❤❤❤❤❤❤❤❤❤❤




","Click green flag, then drag the Lego bricks to build.  Remix to save.

✪✪✪✪✪✪✪✪✪✪✪✪✪✪✪✪✪✪✪✪✪✪✪✪✪✪✪✪✪✪✪✪✪
https://scratch.mit.edu/projects/157306339/  
Fidget spinner pro.  An awesome clicker game!
✪✪✪✪✪✪✪✪✪✪✪✪✪✪✪✪✪✪✪✪✪✪✪✪✪✪✪✪✪✪✪✪✪✪

atomicmagicnumber atomic magic number
awesome game teaching learning information cool hack game #awesome play fun enjoy good great play happy hot scratch music madness Christmas 2014 2013  2015 best playable mega mashable mixable remix # lego builder fun ",visible,True,3055199,unknown,https://cdn2.scratch.mit.edu/get_image/project/30992050_480x360.png,2014-10-23T12:08:10.000Z,2017-04-26T20:35:09.000Z,2014-10-23T12:11:47.000Z,11175,389,343,455,0,,
31385374,Christmas Card Maker  #Awesome #Viral #2014,"P  L E A S E    A S K    F O R     C H A N G E S    Y O U    W  A N T 
You will see that I am good at responding to any requests.  
Please also check out my other projects, particularly

Lego builder  http://scratch.mit.edu/projects/30992050/#fullscreen
Platformer      http://scratch.mit.edu/projects/30327818/#fullscreen
Car racing      http://scratch.mit.edu/projects/30081360/#fullscreen
Trading game http://scratch.mit.edu/projects/21934344/#fullscreen

.","①  Press the green flag to start.
②  Click &#39;New Background&#39; until you find a background you like.
③  Drag and drop the pictures in place.
④  Click I have finished.  Make my card great.
⑤  Right click over the card.  Save it then email it to a friend.

OR  Remix this to make it better before you send out links to it.


atomicmagicnumber atomic magic number
awesome game teaching learning information cool hack game #awesome play fun enjoy good great play happy hot scratch music madness Christmas 2014 2013  2015 best playable mega mashable mixable remix # ",visible,True,3055199,unknown,https://cdn2.scratch.mit.edu/get_image/project/31385374_480x360.png,2014-10-26T14:30:58.000Z,2014-11-15T21:33:47.000Z,2014-10-29T19:07:55.000Z,968,36,29,15,0,,
31560432,✪✪✪MouseTrap✪✪✪,"                    M O R E    A W E S O M E    G A M E S 

❤❤❤❤❤❤❤❤❤❤❤❤❤❤❤❤❤❤❤❤❤❤❤❤❤❤❤❤❤
Penalty       http://scratch.mit.edu/projects/31882400/
Car racing      http://scratch.mit.edu/projects/30081360/#fullscreen
Top Gear Racing   http://scratch.mit.edu/projects/32045424/
Trading game http://scratch.mit.edu/projects/21934344/#fullscreen
❤❤❤❤❤❤❤❤❤❤❤❤❤❤❤❤❤❤❤❤❤❤❤❤❤❤❤❤❤

","Click the green flag to start.  Avoid the mice, they will try to trap you.
⇩⇩⇩⇩⇩⇩⇩⇩⇩⇩⇩⇩⇩⇩⇩⇩⇩⇩⇩⇩⇩⇩⇩⇩⇩⇩⇩⇩⇩⇩⇩⇩⇩⇩⇩⇩⇩
❤❤❤❤❤❤❤❤❤❤❤❤❤❤❤❤❤❤❤❤❤❤❤❤❤❤❤❤❤
MAKE SOME MUSIC!   http://scratch.mit.edu/projects/33292982/
❤❤❤❤❤❤❤❤❤❤❤❤❤❤❤❤❤❤❤❤❤❤❤❤❤❤❤❤❤
Lego game     http://scratch.mit.edu/projects/30992050/
❤❤❤❤❤❤❤❤❤❤❤❤❤❤❤❤❤❤❤❤❤❤❤❤❤❤❤❤❤
Fireworks     http://scratch.mit.edu/projects/30327818/#fullscreen
❤❤❤❤❤❤❤❤❤❤❤❤❤❤❤❤❤❤❤❤❤❤❤❤❤❤❤❤❤",visible,True,3055199,unknown,https://cdn2.scratch.mit.edu/get_image/project/31560432_480x360.png,2014-10-27T22:32:30.000Z,2015-01-07T10:25:50.000Z,2014-10-27T23:14:36.000Z,1750,34,30,111,0,,
31882400,Rio soccer football ,"All my own work.

If I get 100 views in the next few days, then I will work on a Premier League level.

Let me know if you have any requests.","Green flag to start.
Spacebar takes the next shot.
Number keypad is easiest.
     ① Left              ← 
     ③ Right            →
     ⑤ Small jump    ↑
     ⑧ is a big jump ⤊
At the moment, you can select your own League.

atomicmagicnumber atomic magic number
awesome game teaching learning information cool hack game #awesome play fun enjoy good great play happy hot scratch music madness Christmas 2014 2013  2015 2016 best playable mega mashable mixable remix # football soccer European football England Ireland Scotland Wales Brazil France Germany Fifa footy shoot score kick dive dash sunday league division 1 1st best
 ",visible,True,3055199,unknown,https://cdn2.scratch.mit.edu/get_image/project/31882400_480x360.png,2014-10-29T22:19:22.000Z,2018-02-11T16:59:19.000Z,2014-10-29T23:35:48.000Z,6025,113,92,76,0,,
32045424,★★★★★ Rob The Bank ★★★★★,"         M  O  R  E       A  W  E  S  O  M  E        G  A  M  E  S 
✪✪✪✪✪✪✪✪✪✪✪✪✪✪✪✪✪✪✪✪✪✪✪✪✪✪✪✪✪✪
 Lego builder           http://scratch.mit.edu/projects/30992050/ 
Music maker           http://scratch.mit.edu/projects/33292982/
Bank Robbery       http://scratch.mit.edu/projects/32045424/
Penalty                  http://scratch.mit.edu/projects/31882400/      
Car racing             http://scratch.mit.edu/projects/30081360/     
Trading game         http://scratch.mit.edu/projects/21934344/    
✪✪✪✪✪✪✪✪✪✪✪✪✪✪✪✪✪✪✪✪✪✪✪✪✪✪✪✪✪✪
","Hit the green flag.  Use the mouse to grab cash from the robbery!  
If you miss any money the cops come.  Press m to toggle music.




    N O W   P L A Y   T H E S E   A W E S O M E   G A M E S .
⇩ ⇩ ⇩ ⇩ ⇩ ⇩ ⇩ ⇩ ⇩ ⇩ ⇩ ⇩ ⇩ ⇩ ⇩ ⇩ ⇩ ⇩ ⇩ ⇩ ⇩ ⇩ ⇩ ⇩ ⇩ ⇩ ⇩ ⇩
atomicmagicnumber atomic magic number
awesome game teaching learning information cool hack game #awesome play fun enjoy good great play happy hot scratch music madness Christmas 2014 2013  2015 best playable mega mashable mixable remix # lego builder fun rob the bank cloning music remix ",visible,True,3055199,unknown,https://cdn2.scratch.mit.edu/get_image/project/32045424_480x360.png,2014-10-30T22:55:02.000Z,2015-08-27T18:51:32.000Z,2014-10-31T20:34:26.000Z,7279,129,105,363,0,,
33292982,✪✪✪ DJ Awesome ✪✪✪,"✪✪✪✪✪✪✪✪✪✪✪✪✪✪✪✪✪✪✪✪✪✪✪✪✪✪✪✪✪✪
Lego builder              http://scratch.mit.edu/projects/30992050/ 
Christmas Card maker  http://scratch.mit.edu/projects/31385374/
Bank Robbery       http://scratch.mit.edu/projects/32045424/
Penalty                  http://scratch.mit.edu/projects/31882400/      
Car racing             http://scratch.mit.edu/projects/30081360/     
Trading game         http://scratch.mit.edu/projects/21934344/    
✪✪✪✪✪✪✪✪✪✪✪✪✪✪✪✪✪✪✪✪✪✪✪✪✪✪✪✪✪✪
","Speakers to MAX. Click a beat or two.  Hit some awesome sounds!

 N O W   P L A Y   T H E S E   A W E S O M E   G A M E S .
⇩ ⇩ ⇩ ⇩ ⇩ ⇩ ⇩ ⇩ ⇩ ⇩ ⇩ ⇩ ⇩ ⇩ ⇩ ⇩ ⇩ ⇩ ⇩ ⇩ ⇩ ⇩ ⇩ ⇩ ⇩ ⇩ ⇩ ⇩

★★★★★★★★★★★★★★★★★★★★★★★★★★★★★★
Beatles music DJ   http://scratch.mit.edu/projects/35402322/
★★★★★★★★★★★★★★★★★★★★★★★★★★★★★★

atomicmagicnumber atomic magic number
awesome game teaching learning information cool hack game #awesome play fun enjoy good great play happy hot scratch music madness rock pop disco dance trance rhythm roll DJ D.J. Christmas 2014 2013  2015 best playable mega mashable mixable remix #
",visible,True,3055199,unknown,https://cdn2.scratch.mit.edu/get_image/project/33292982_480x360.png,2014-11-08T14:24:59.000Z,2017-01-21T17:49:41.000Z,2014-11-08T18:52:59.000Z,4813,146,117,121,0,,
33565618,➋Mins To Make A Game,"★★★★★★★★★★★★★★★★★★★★★★★★★★★★★★
Lego game      http://scratch.mit.edu/projects/30992050/#fullscreen
★★★★★★★★★★★★★★★★★★★★★★★★★★★★★★
http://scratch.mit.edu/projects/33292982/#player
★★★★★★★★★★★★★★★★★★★★★★★★★★★★★★
Car racing      http://scratch.mit.edu/projects/30081360/#fullscreen
★★★★★★★★★★★★★★★★★★★★★★★★★★★★★★
Football game  http://scratch.mit.edu/projects/31882400/#fullscreen
★★★★★★★★★★★★★★★★★★★★★★★★★★★★★★
http://scratch.mit.edu/projects/30327818/#fullscreen

Written by atomicmagicnumber 
Written by atomic magic number
","★★★★★★★★★★★★★★★★★★★★★★★★★★★★★★
★YOUTUBE - MAKING MAZE GAME IN 2 MINUTES  ★
Copy and paste this link in your browser!

https://www.youtube.com/watch?v=UlrFX2f5TAw                     
★★★★★★★★★★★★★★★★★★★★★★★★★★★★★★

❤❤❤❤❤❤❤❤❤❤❤❤❤❤❤❤❤❤❤❤❤❤❤❤❤❤❤❤❤❤
4 simple steps to make your own maze game.  
If you want to try out the maze game first, just click on number 4.
✪✪✪✪✪✪✪✪✪✪✪✪✪✪✪✪✪✪✪✪✪✪✪✪✪✪✪✪✪✪
✪✪✪✪✪✪✪✪✪✪✪✪✪✪✪✪✪✪✪✪✪✪✪✪✪✪✪✪✪✪
atomicmagicnumber
atomic magic number
awesome game
teaching learning information cool hack game #awesome play fun enjoy good great play happy hot scratch
",visible,True,3055199,unknown,https://cdn2.scratch.mit.edu/get_image/project/33565618_480x360.png,2014-11-10T19:48:03.000Z,2017-01-21T17:45:40.000Z,2014-11-11T19:19:59.000Z,2124,28,24,33,0,,
34741948,✪MineCraft JetPack✪,"PLEASE ❤LOVE❤ my project and check out these too...
✪✪✪✪✪✪✪✪✪✪✪✪✪✪✪✪✪✪✪✪✪✪✪✪✪✪✪✪✪✪
✪ Build a Bear          https://scratch.mit.edu/projects/71136324/  ✪
✪  Star wars I        https://scratch.mit.edu/projects/42217958/       ✪
✪ Lego builder           http://scratch.mit.edu/projects/30992050/    ✪
 ✪ Top Gear              http://scratch.mit.edu/projects/30081360/    ✪ 
✪ DJ  Awesome         http://scratch.mit.edu/projects/33292982/   ✪
✪✪✪✪✪✪✪✪✪✪✪✪✪✪✪✪✪✪✪✪✪✪✪✪✪✪✪✪✪✪
","Hit  green flag then use the mouse to catch things.

✪✪✪✪✪✪✪✪✪✪✪✪✪✪✪✪✪✪✪✪✪✪✪✪✪✪✪✪✪✪

If you love it, please paste this link and ask for my game to be featured...

https://scratch.mit.edu/discuss/topic/2733/


✪✪✪✪✪✪✪✪✪✪✪✪✪✪✪✪✪✪✪✪✪✪✪✪✪✪✪✪✪✪
This is a rebuild of an older project.   
    N O W   P L A Y   T H E S E   A W E S O M E   G A M E S .
⇩ ⇩ ⇩ ⇩ ⇩ ⇩ ⇩ ⇩ ⇩ ⇩ ⇩ ⇩ ⇩ ⇩ ⇩ ⇩ ⇩ ⇩ ⇩ ⇩ ⇩ ⇩ ⇩ ⇩ ⇩ ⇩ ⇩ ⇩
atomicmagicnumber atomic magic number
awesome game teaching learning information cool hack game #awesome play fun enjoy good great play happy hot scratch music madness best playable mega mashable mixable remix # builder fun cloning music remix superdoge superb brilliant ace play do skill luck fly flying flight",visible,True,3055199,unknown,https://cdn2.scratch.mit.edu/get_image/project/34741948_480x360.png,2014-11-17T18:10:07.000Z,2016-07-02T17:16:04.000Z,2016-03-26T15:06:47.000Z,3773,101,80,173,0,,
35402322,❤❤❤❤❤Beatles Jam❤❤❤❤❤❤        DJ Awesome,"✪✪✪✪✪✪✪✪✪✪✪✪✪✪✪✪✪✪✪✪✪✪✪✪✪✪✪✪✪✪
Lego builder              http://scratch.mit.edu/projects/30992050/ 
Bank Robbery       http://scratch.mit.edu/projects/32045424/
Penalty                  http://scratch.mit.edu/projects/31882400/      
Car racing             http://scratch.mit.edu/projects/30081360/     
Trading game         http://scratch.mit.edu/projects/21934344/    
✪✪✪✪✪✪✪✪✪✪✪✪✪✪✪✪✪✪✪✪✪✪✪✪✪✪✪✪✪✪
","Speakers to MAX. Make the Beatles have a warm up Jam.
  N O W   P L A Y   T H E S E   A W E S O M E   G A M E S .
⇩ ⇩ ⇩ ⇩ ⇩ ⇩ ⇩ ⇩ ⇩ ⇩ ⇩ ⇩ ⇩ ⇩ ⇩ ⇩ ⇩ ⇩ ⇩ ⇩ ⇩ ⇩ ⇩ ⇩ ⇩ ⇩ ⇩ ⇩

★★★★★★★★★★★★★★★★★★★★★★★★★★★★★★
Music maker                  http://scratch.mit.edu/projects/33292982/
★★★★★★★★★★★★★★★★★★★★★★★★★★★★★★

atomicmagicnumber atomic magic number
awesome game teaching learning information cool hack game #awesome play fun enjoy good great play happy hot scratch music madness rock pop disco dance trance rhythm roll DJ D.J. Christmas the beatles  2014 2013  2015 best playable mega mashable mixable remix #
",visible,True,3055199,unknown,https://cdn2.scratch.mit.edu/get_image/project/35402322_480x360.png,2014-11-20T18:53:32.000Z,2014-11-22T21:26:08.000Z,2014-11-20T19:21:36.000Z,1155,21,21,23,0,,
35836640,✪✪✪✪✪Spell PRO✪✪✪✪✪,"✪✪✪✪✪✪✪✪✪✪✪✪✪✪✪✪✪✪✪✪✪✪✪✪✪✪✪✪✪✪
Lego builder                   http://scratch.mit.edu/projects/30992050/ 
Music maker                   http://scratch.mit.edu/projects/33292982/
Dodging game                http://scratch.mit.edu/projects/34741948/
Christmas Card maker   http://scratch.mit.edu/projects/31385374/
Bank Robbery                 http://scratch.mit.edu/projects/32045424/
Penalty                          http://scratch.mit.edu/projects/31882400/      
Car racing                      http://scratch.mit.edu/projects/30081360/     
Trading game                 http://scratch.mit.edu/projects/21934344/    
✪✪✪✪✪✪✪✪✪✪✪✪✪✪✪✪✪✪✪✪✪✪✪✪✪✪✪✪✪✪
","Click on the instructions button to find out how to be a spelling pro.


    N O W   P L A Y   T H E S E   A W E S O M E   G A M E S .
⇩ ⇩ ⇩ ⇩ ⇩ ⇩ ⇩ ⇩ ⇩ ⇩ ⇩ ⇩ ⇩ ⇩ ⇩ ⇩ ⇩ ⇩ ⇩ ⇩ ⇩ ⇩ ⇩ ⇩ ⇩ ⇩ ⇩ ⇩

atomicmagicnumber atomic magic number spelling pro learn to spell teach lessons spell speller improving learning lessons tutor minion fun cloning letter remix English # hashtag UK American Australian 
awesome game teaching learning information cool hack game #awesome play fun enjoy good great play happy hot scratch music madness 2014 2013  2015 best playable mega mashable mixable remix # lego builder fun rob the bank cloning music remix superdoge superb brilliant ace play do skill luck fly flying flight ",visible,True,3055199,unknown,https://cdn2.scratch.mit.edu/get_image/project/35836640_480x360.png,2014-11-23T19:32:02.000Z,2014-12-10T20:00:10.000Z,2014-11-24T10:36:39.000Z,1714,28,23,25,0,23003373,12503640
36379290,✪✪AniPaint™✪✪," ..........M  O  R  E.........A  W  E  S  O  M  E .......G  A  M  E  S........... 
✪✪✪✪✪✪✪✪✪✪✪✪✪✪✪✪✪✪✪✪✪✪✪✪✪✪✪✪✪✪
✪Top Gear................... http://scratch.mit.edu/projects/30081360/ ✪
✪Bank Robbery........... http://scratch.mit.edu/projects/32045424/ ✪ ✪Penalty...................... http://scratch.mit.edu/projects/31882400/ ✪
✪Superdodge............... http://scratch.mit.edu/projects/34741948/ ✪
✪Trading game............ http://scratch.mit.edu/projects/21934344/ ✪
✪✪✪✪✪✪✪✪✪✪✪✪✪✪✪✪✪✪✪✪✪✪✪✪✪✪✪✪✪✪","Extreme mouse trails!  Watch the tutorial.  

✪✪✪✪✪✪✪✪✪✪✪✪✪✪✪✪✪✪✪✪✪✪✪✪✪✪✪✪✪✪✪✪✪
https://scratch.mit.edu/projects/157306339/  
Fidget spinner pro.  An awesome clicker game!
✪✪✪✪✪✪✪✪✪✪✪✪✪✪✪✪✪✪✪✪✪✪✪✪✪✪✪✪✪✪✪✪✪✪


atomicmagicnumber atomic magic number anipaint art paint draw sketch animate AVI tutorial lesson 
awesome game teaching learning information cool hack game #awesome play fun enjoy good great play happy hot scratch music madness Christmas 2014 2013  2015 best playable mega mashable mixable remix # lego builder fun ",visible,True,3055199,unknown,https://cdn2.scratch.mit.edu/get_image/project/36379290_480x360.png,2014-11-26T18:30:38.000Z,2017-04-26T20:36:39.000Z,2014-12-03T13:28:43.000Z,6625,319,253,659,0,,
38072364,✪✪AniPaint™ Once Upon A Dinner!✪✪,"..........M  O  R  E.........A  W  E  S  O  M  E .......G  A  M  E  S........... 
✪✪✪✪✪✪✪✪✪✪✪✪✪✪✪✪✪✪✪✪✪✪✪✪✪✪✪✪✪✪
✪Top Gear................... http://scratch.mit.edu/projects/30081360/ ✪
✪Bank Robbery........... http://scratch.mit.edu/projects/32045424/ ✪ ✪Penalty...................... http://scratch.mit.edu/projects/31882400/ ✪
✪Superdodge.............. http://scratch.mit.edu/projects/34741948/ ✪
✪Trading game............ http://scratch.mit.edu/projects/21934344/ ✪
✪✪✪✪✪✪✪✪✪✪✪✪✪✪✪✪✪✪✪✪✪✪✪✪✪✪✪✪✪✪","Paint your own animation for Once Upon A Dinner!
 ........... C_O_O_L___M_A_K_I_N_G___G_A_M_E_S ...............
❤❤❤❤❤❤❤❤❤❤❤❤❤❤❤❤❤❤❤❤❤❤❤❤❤❤❤❤❤
❤ Lego Builder............ http://scratch.mit.edu/projects/30992050/ ❤
❤ DJ  Awesome.......... http://scratch.mit.edu/projects/33292982/ ❤
❤ Xmas card maker.... http://scratch.mit.edu/projects/31385374/ ❤
❤❤❤❤❤❤❤❤❤❤❤❤❤❤❤❤❤❤❤❤❤❤❤❤❤❤❤❤❤


atomicmagicnumber atomic magic number anipaint art paint draw sketch animate AVI tutorial lesson 
awesome game teaching learning information cool hack game #awesome play fun enjoy good great play happy hot scratch music madness Christmas 2014 2013  2015 best playable mega mashable mixable remix # lego builder fun ",visible,True,3055199,unknown,https://cdn2.scratch.mit.edu/get_image/project/38072364_480x360.png,2014-12-07T12:22:47.000Z,2014-12-07T16:18:25.000Z,2014-12-07T15:29:47.000Z,1136,49,36,65,0,36379290,36379290
38086364,✪✪AniPaint™ WarriorCat Mouse Trail✪✪," ........... C_O_O_L___M_A_K_I_N_G___G_A_M_E_S ...............
❤❤❤❤❤❤❤❤❤❤❤❤❤❤❤❤❤❤❤❤❤❤❤❤❤❤❤❤❤
❤ Lego Builder............ http://scratch.mit.edu/projects/30992050/ ❤
❤ DJ  Awesome.......... http://scratch.mit.edu/projects/33292982/ ❤
❤ Xmas card maker.... http://scratch.mit.edu/projects/31385374/ ❤
❤❤❤❤❤❤❤❤❤❤❤❤❤❤❤❤❤❤❤❤❤❤❤❤❤❤❤❤❤


atomicmagicnumber atomic magic number anipaint art paint draw sketch animate AVI tutorial lesson 
awesome game teaching learning information cool hack game #awesome play fun enjoy good great play happy hot scratch music madness Christmas 2014 2013  2015 best playable mega mashable mixable remix # lego builder fun ","AniPaint ScribbleArt Warrior Cat Competition Opens on 20th January 2017.  Closes 10th February.
Remix then COLOR in cat to enter!  Winner gets to pick next competition theme!  All remixes entered into the ScribbleArt studio!
",visible,True,3055199,unknown,https://cdn2.scratch.mit.edu/get_image/project/38086364_480x360.png,2014-12-07T15:51:36.000Z,2017-02-26T08:04:44.000Z,2014-12-07T16:09:19.000Z,645,25,19,29,0,38072364,36379290
40608552,❄❄❄❄Save Santa ❄❄❄❄,"..........M  O  R  E.........A  W  E  S  O  M  E .......G  A  M  E  S........... 
✪✪✪✪✪✪✪✪✪✪✪✪✪✪✪✪✪✪✪✪✪✪✪✪✪✪✪✪✪✪
✪Top Gear................... http://scratch.mit.edu/projects/30081360/ ✪
✪Penalty...................... http://scratch.mit.edu/projects/31882400/ ✪
✪Superdodge.............. http://scratch.mit.edu/projects/34741948/ ✪
✪Trading game........... http://scratch.mit.edu/projects/21934344/ ✪
✪✪✪✪✪✪✪✪✪✪✪✪✪✪✪✪✪✪✪✪✪✪✪✪✪✪✪✪✪✪
","Help Santa by catching the gifts.
 ........... C_O_O_L___M_A_K_I_N_G___G_A_M_E_S ...............
❤❤❤❤❤❤❤❤❤❤❤❤❤❤❤❤❤❤❤❤❤❤❤❤❤❤❤❤❤❤
❤ Lego Builder............. http://scratch.mit.edu/projects/30992050/ ❤
❤ DJ  Awesome........... http://scratch.mit.edu/projects/33292982/ ❤
❤ Xmas card maker..... http://scratch.mit.edu/projects/31385374/ ❤
❤❤❤❤❤❤❤❤❤❤❤❤❤❤❤❤❤❤❤❤❤❤❤❤❤❤❤❤❤❤




    N O W   P L A Y   T H E S E   A W E S O M E   G A M E S .
⇩ ⇩ ⇩ ⇩ ⇩ ⇩ ⇩ ⇩ ⇩ ⇩ ⇩ ⇩ ⇩ ⇩ ⇩ ⇩ ⇩ ⇩ ⇩ ⇩ ⇩ ⇩ ⇩ ⇩ ⇩ ⇩ ⇩ ⇩
atomicmagicnumber atomic magic number
awesome game teaching learning information cool hack game #awesome play fun enjoy good great play happy hot scratch music madness Christmas 2014 2013  2015 best playable mega mashable mixable remix # lego builder fun rob the bank cloning music remix ",visible,True,3055199,unknown,https://cdn2.scratch.mit.edu/get_image/project/40608552_480x360.png,2014-12-19T10:02:42.000Z,2014-12-19T15:07:54.000Z,2014-12-19T11:57:53.000Z,2054,75,63,103,0,,
42217958,✪✪✪StarWars✪✪✪,"
   M  O  R  E       A  W  E  S  O  M  E        G  A  M  E  S 

✪✪✪✪✪✪✪✪✪✪✪✪✪✪✪✪✪✪✪✪✪✪✪✪✪✪✪✪✪✪
✪  Bank Robbery       http://scratch.mit.edu/projects/32045424/ ✪ ✪Penalty                  http://scratch.mit.edu/projects/31882400/      ✪
✪Lego builder           http://scratch.mit.edu/projects/30992050/     ✪
✪Trading game         http://scratch.mit.edu/projects/21934344/    ✪
✪✪✪✪✪✪✪✪✪✪✪✪✪✪✪✪✪✪✪✪✪✪✪✪✪✪✪✪✪✪","✪✪✪✪✪✪✪✪✪✪✪✪✪✪✪✪✪✪✪✪✪✪✪✪✪✪✪✪✪✪✪✪✪
https://scratch.mit.edu/projects/157306339/  
Fidget spinner pro.  An awesome clicker game!
✪✪✪✪✪✪✪✪✪✪✪✪✪✪✪✪✪✪✪✪✪✪✪✪✪✪✪✪✪✪✪✪✪✪

USE THE MOUSE TO DODGE.  SAVE EARTH QUICK



space alien invaders fun game play enjoy # awesome atomic magic number atomicmagicnumber arcade exciting quick blast shoot dodge  atomic magic number target highscore score scratch griffpatch wanabee grifpatch wanabee awesome game cool hack game #awesome play fun enjoy good great play happy hot scratch music madness 2015 best playable mega mashable mixable remix # 2016 future science fiction playing",visible,True,3055199,unknown,https://cdn2.scratch.mit.edu/get_image/project/42217958_480x360.png,2015-01-08T12:16:19.000Z,2017-04-26T20:28:43.000Z,2015-07-18T20:39:52.000Z,22328,451,372,337,0,,
71136324,ʕ•ᴥ•ʔ  BuildABear  ʕ•ᴥ•ʔ,"   M  O  R  E       A  W  E  S  O  M  E        G  A  M  E  S 

✪✪✪✪✪✪✪✪✪✪✪✪✪✪✪✪✪✪✪✪✪✪✪✪✪✪✪✪✪✪
✪  Bank Robbery       http://scratch.mit.edu/projects/32045424/  ✪ ✪Penalty                  http://scratch.mit.edu/projects/31882400/      ✪
✪Lego builder           http://scratch.mit.edu/projects/30992050/     ✪
✪Trading game         http://scratch.mit.edu/projects/21934344/    ✪
✪✪✪✪✪✪✪✪✪✪✪✪✪✪✪✪✪✪✪✪✪✪✪✪✪✪✪✪✪✪","Click the buttons to see what they do!  Drag things around with the mouse. 

❤ ❤ ❤ ❤ ❤ ❤ ❤ ❤ ❤ ❤ ❤ ❤ ❤ ❤ ❤ ❤ ❤ ❤ ❤ 
Scratch Fame Game https://scratch.mit.edu/projects/149610906/
❤ ❤ ❤ ❤ ❤ ❤ ❤ ❤ ❤ ❤ ❤ ❤ ❤ ❤ ❤ ❤ ❤ ❤ ❤ 

",visible,True,3055199,unknown,https://cdn2.scratch.mit.edu/get_image/project/71136324_480x360.png,2015-07-22T08:29:57.000Z,2017-05-20T16:18:19.000Z,2015-07-24T16:34:48.000Z,3624,288,212,304,0,,
118142113,✪ MineCraft FaceOff ✪,"  M  O  R  E       A  W  E  S  O  M  E        G  A  M  E  S 
✪✪✪✪✪✪✪✪✪✪✪✪✪✪✪✪✪✪✪✪✪✪✪✪✪✪✪✪✪✪
✪  Star Wars              https://scratch.mit.edu/projects/42217958/ ✪
✪ Top Gear              http://scratch.mit.edu/projects/30081360/    ✪ 
✪  Bank Robbery       http://scratch.mit.edu/projects/32045424/  ✪ ✪Penalty                  http://scratch.mit.edu/projects/31882400/      ✪
✪Lego builder           http://scratch.mit.edu/projects/30992050/     ✪
✪Trading game         http://scratch.mit.edu/projects/21934344/    ✪
✪✪✪✪✪✪✪✪✪✪✪✪✪✪✪✪✪✪✪✪✪✪✪✪✪✪✪✪✪✪","★★★★★★★★★★★★★★★★★★★★★★★★★★★★★★★★★★★★
YouTube Fame Game https://scratch.mit.edu/projects/151305762/
★★★★★★★★★★★★★★★★★★★★★★★★★★★★★★★★★★★★

Click on the blocks to fill the screen with Steves.  Starts easy... stays fun!
",visible,True,3055199,unknown,https://cdn2.scratch.mit.edu/get_image/project/118142113_480x360.png,2016-08-11T15:10:03.000Z,2017-03-21T18:15:49.000Z,2016-08-11T16:04:13.000Z,5252,94,82,64,0,,
118454070,Make your OWN jigsaw! ✪Competition✪ ,"To change this to your own jigsaw you have to:
1)  Save a picture you like.
2) Chop it up and save it using http://imagesplitter.net/ 
3) Right click on the file to unzip the file.
4) Delete the costumes for the existing sprite.
5) Upload the new costumes.
6) Change the repeat from 20 if you have more pieces.
","Press green flag.  

Use mouse to move the pieces.

Once you have played, remix and make your own jigsaw puzzle!
✪✪✪✪✪✪✪✪✪✪✪✪✪✪✪✪✪✪✪✪✪✪✪✪
✪            Winner is maireador20!              ✪
✪✪✪✪✪✪✪✪✪✪✪✪✪✪✪✪✪✪✪✪✪✪✪✪",visible,True,3055199,unknown,https://cdn2.scratch.mit.edu/get_image/project/118454070_480x360.png,2016-08-16T19:32:00.000Z,2016-09-19T18:27:08.000Z,2016-08-16T20:13:57.000Z,1477,39,33,42,0,,
119354180,✪✪StarWars VII✪✪  ,"
   M  O  R  E       A  W  E  S  O  M  E        G  A  M  E  S 

✪✪✪✪✪✪✪✪✪✪✪✪✪✪✪✪✪✪✪✪✪✪✪✪✪✪✪✪✪✪
✪  Bank Robbery       http://scratch.mit.edu/projects/32045424/ ✪ ✪Penalty                  http://scratch.mit.edu/projects/31882400/      ✪
✪Lego builder           http://scratch.mit.edu/projects/30992050/     ✪
✪Trading game         http://scratch.mit.edu/projects/21934344/    ✪
✪✪✪✪✪✪✪✪✪✪✪✪✪✪✪✪✪✪✪✪✪✪✪✪✪✪✪✪✪✪","Use the mouse.  Upgrade your weapons before the main battle!

Hacking instructions provided in the first two sprites for remixers.

✪✪✪✪✪✪✪✪✪✪✪✪✪✪✪✪✪✪✪✪✪✪✪✪✪✪✪✪✪✪
✪  Car racing             http://scratch.mit.edu/projects/30081360/   ✪ 
✪✪✪✪✪✪✪✪✪✪✪✪✪✪✪✪✪✪✪✪✪✪✪✪✪✪✪✪✪✪




space alien invaders fun game play enjoy # awesome atomic magic number atomicmagicnumber arcade exciting quick blast shoot dodge  atomic magic number target highscore score scratch griffpatch wanabee grifpatch wanabee awesome game cool hack game #awesome play fun enjoy good great play happy hot scratch music madness 2015 best playable mega mashable mixable remix # 2016 future science fiction playing",visible,True,3055199,unknown,https://cdn2.scratch.mit.edu/get_image/project/119354180_480x360.png,2016-08-28T14:42:36.000Z,2016-08-28T15:42:15.000Z,2016-08-28T15:42:15.000Z,6006,114,88,84,0,,
126093850,StarWars Slider,,Click on the squares to slide them around and solve the puzzle.,visible,True,3055199,unknown,https://cdn2.scratch.mit.edu/get_image/project/126093850_480x360.png,2016-10-17T19:26:52.000Z,2016-10-17T20:43:58.000Z,2016-10-17T20:43:39.000Z,1201,41,31,30,0,,
132886879,✪✪✪StarWars 3D✪✪✪ ,"_________________Check This Out_______________________
✪✪✪✪✪✪✪✪✪✪✪✪✪✪✪✪✪✪✪✪✪✪✪✪✪✪✪✪✪✪✪✪✪✪
❤ ❤ ❤ ❤ ❤ ❤ ❤ ❤ ❤ ❤ ❤ ❤ ❤ ❤ ❤ ❤ ❤ ❤ ❤ ❤ ❤ ❤ ❤ 
❤ ❤ ❤ ❤ ❤ ❤ ❤ Toy Story Game!!❤ ❤ ❤ ❤ ❤ ❤ ❤ ❤ ❤ ❤
❤ ❤❤ https://scratch.mit.edu/projects/137541559/❤ ❤ ❤ ❤ ❤ 
❤ ❤ ❤ ❤ ❤ ❤ ❤ ❤ ❤ ❤ ❤ ❤ ❤ ❤ ❤ ❤ ❤ ❤ ❤ ❤ ❤ ❤ ❤ 
✪✪✪✪✪✪✪✪✪✪✪✪✪✪✪✪✪✪✪✪✪✪✪✪✪✪✪✪✪✪✪✪✪✪✪


Sound by John Williams and SFX.com
Graphics by Gif.Guru and LucasFilms 
Coding 100% me.","★★★★★★★★★★★★★★★★★★★★★★★★★★★★★★★★★★★★
YouTube Fame Game https://scratch.mit.edu/projects/151305762/
★★★★★★★★★★★★★★★★★★★★★★★★★★★★★★★★★★★★

Star Wars 3D Runs best in a small window when you can still see these instructions.  Use mouse to blast, keep an eye on shields and lasers.  Survive the aftermath of the destruction of the death star!


Use arrow keys and spacebar to protect the Rebel base from the Imperial forces.  STARTS EASY --> GETS HARD when the walkers and spacecraft arrive... watch out!!


✪✪✪✪✪✪✪✪✪✪✪✪✪✪✪✪✪✪✪✪✪✪✪✪✪✪✪✪✪✪✪✪✪✪
✪  Toy story game:https://scratch.mit.edu/projects/137541559/✪
✪✪✪✪✪✪✪✪✪✪✪✪✪✪✪✪✪✪✪✪✪✪✪✪✪✪✪✪✪✪✪✪✪✪

Rogue one rogue 1 star wars 3d game jedi fighting 2017 awesome fun play enjoy # atomicmagicnumber rouge battle player 2.5D 3D Jedi cool game fantastic amazing awesome 2016 play pixels luke skywalker light saber lightsaber sword abrams
awakens
awaken
galaxy
george
lucas
skywalker
force
star wars
star
wars
starwars
#forceawakens
#starwars
#swfa
yoda
luke skywalker
luke
ren
kylo
han solo
han
solo
chewbacca
chewie
bb-8
bb8
r2-d2
bb eight
r2d2
r2
c3po
lightsaber
light-saber
mace windu
sith
the force
jar jar binks
jar jar
binks
anakin skywalker
anakin
darth vader
darth
knights of ken
leia
x-wing
xwing
exwing
millennium falcon
palpatine
galactic empire
galactic
first order
tie fighter
ti-fighter
ti fighter
death star
starkiller
star killer
star-killer
the force awakens
skywalker
executor
new jedi order
jedi
alderaan
episode vii
a new hope
return of the jedi
jedi
empire strikes back
the phantom menace
attack of the clones
revenge of the sith
george lucas
anakin skywalker
the clone wars
battle of jakku
jakku
stormtrooper
clone wars
cloud city
the jedi temple
darth tyrannous
darth
jedi
darth sidious
sidious
midi-chlorians
chlorians
midichlorians
astromech droid
astromech
droid
bantha
y wing
y-wing
ywing
b wing
b-wing
bwing
a wing
a-wing
snook
supreme leader snook
death star 
force lightning
jabba the hutt
jabba
hoth
star destroyer
naboo
sand-trooper
snow-speeder
snow speeder
blaster
wampa 
Starkiller Base
Supreme Leader ",visible,True,3055199,unknown,https://cdn2.scratch.mit.edu/get_image/project/132886879_480x360.png,2016-11-27T08:38:38.000Z,2018-09-01T16:13:36.000Z,2016-12-01T18:49:34.000Z,72025,3436,2900,2956,0,,
137095063,✪Minecraft Battle Mod✪ ,"M  O  R  E       A  W  E  S  O  M  E        G  A  M  E  S 
✪✪✪✪✪✪✪✪✪✪✪✪✪✪✪✪✪✪✪✪✪✪✪✪✪✪✪✪✪✪✪✪✪✪
✪  StarWars 3D   https://scratch.mit.edu/projects/132886879/  ✪
✪ Just Dance       https://scratch.mit.edu/projects/73215842/     ✪
✪  Star wars I        https://scratch.mit.edu/projects/42217958/   ✪
✪ Lego builder           http://scratch.mit.edu/projects/30992050/  ✪
 ✪ Top Gear              http://scratch.mit.edu/projects/30081360/  ✪ 
✪ DJ  Awesome         http://scratch.mit.edu/projects/33292982/ ✪
✪✪✪✪✪✪✪✪✪✪✪✪✪✪✪✪✪✪✪✪✪✪✪✪✪✪✪✪✪✪✪✪✪✪✪

Credits
All  sprites and graphics copyright owned by Minecraft.
All music care of MineCraft#Addict
Coding - me.","✪✪✪✪✪✪✪✪✪✪✪✪✪✪✪✪✪✪✪✪✪✪✪✪✪✪✪✪✪✪✪✪✪
https://scratch.mit.edu/projects/157306339/  
Fidget spinner pro.  An awesome clicker game!
✪✪✪✪✪✪✪✪✪✪✪✪✪✪✪✪✪✪✪✪✪✪✪✪✪✪✪✪✪✪✪✪✪✪
✪Design and name your own awesome character!
✪Move the mouse to fly and save the Crafters and score points

✪Press the mouse button to blast the baddies and stay alive


  ",visible,True,3055199,unknown,https://cdn2.scratch.mit.edu/get_image/project/137095063_480x360.png,2016-12-17T20:19:09.000Z,2017-05-02T18:54:05.000Z,2016-12-20T20:29:14.000Z,38379,1689,1509,1268,0,,
137541559,✪✪✪ Toy Story ✪✪✪," ----M  O  R  E - - - - - A  W  E  S  O  M  E- - - - - G  A  M  E  S -----
✪✪✪✪✪✪✪✪✪✪✪✪✪✪✪✪✪✪✪✪✪✪✪✪✪✪✪✪✪✪✪✪✪✪
✪ 3D Jedi Game https://scratch.mit.edu/projects/139993017    ✪
✪ Star Wars 3D   https://scratch.mit.edu/projects/132886879/   ✪
✪ Just Dance       https://scratch.mit.edu/projects/73215842/    ✪
✪  Star wars I        https://scratch.mit.edu/projects/42217958/   ✪
✪ Lego builder           http://scratch.mit.edu/projects/30992050/  ✪
✪ Top Gear              http://scratch.mit.edu/projects/30081360/   ✪ 
✪ DJ  Awesome         http://scratch.mit.edu/projects/33292982/ ✪
✪✪✪✪✪✪✪✪✪✪✪✪✪✪✪✪✪✪✪✪✪✪✪✪✪✪✪✪✪✪✪✪✪✪✪

Credits
All  sprites and graphics copyright owned by Pixar.
All music care of Pixar.
Coding - me.","✪Name your awesome character...  REMIX to save your name!
✪Move the mouse to fly and rescue the green aliens.
✪Press the mouse button to blast the baddies and stay alive!

❤ LOVE ❤ FAV ❤ FOLLOW ❤ LOVE ❤ FAV ❤ FOLLOW ❤
★★★★★★★★★★★★★★★★★★★★★★★★★★★★★★
❤ ❤ ❤ ❤ ❤ ❤ ❤ ❤ ❤ ❤ ❤ ❤ ❤ ❤ ❤ ❤ ❤ ❤ ❤ 
Scratch Fame Game https://scratch.mit.edu/projects/149610906/
❤ ❤ ❤ ❤ ❤ ❤ ❤ ❤ ❤ ❤ ❤ ❤ ❤ ❤ ❤ ❤ ❤ ❤ ❤ 
★★★★★★★★★★★★★★★★★★★★★★★★★★★★★★",visible,True,3055199,unknown,https://cdn2.scratch.mit.edu/get_image/project/137541559_480x360.png,2016-12-21T11:27:33.000Z,2017-03-11T14:13:12.000Z,2017-01-18T07:06:38.000Z,5502,329,285,213,0,,
137865796,✪The Simpsons 3D Game✪,"M  O  R  E       A  W  E  S  O  M  E        G  A  M  E  S 
✪✪✪✪✪✪✪✪✪✪✪✪✪✪✪✪✪✪✪✪✪✪✪✪✪✪✪✪✪✪✪✪✪✪
✪  StarWars 3D   https://scratch.mit.edu/projects/132886879/  ✪
✪ Just Dance       https://scratch.mit.edu/projects/73215842/     ✪
✪  Star wars I        https://scratch.mit.edu/projects/42217958/   ✪
✪ Lego builder           http://scratch.mit.edu/projects/30992050/  ✪
 ✪ Top Gear              http://scratch.mit.edu/projects/30081360/  ✪ 
✪ DJ  Awesome         http://scratch.mit.edu/projects/33292982/ ✪
✪✪✪✪✪✪✪✪✪✪✪✪✪✪✪✪✪✪✪✪✪✪✪✪✪✪✪✪✪✪✪✪✪✪✪

All  sprites and graphics by Matt Groening

Coding - me.","✪✪✪✪✪✪✪✪✪✪✪✪✪✪✪✪✪✪✪✪✪✪✪✪✪✪✪✪✪✪✪✪✪
https://scratch.mit.edu/projects/157306339/  
Fidget spinner pro.  An awesome clicker game!
✪✪✪✪✪✪✪✪✪✪✪✪✪✪✪✪✪✪✪✪✪✪✪✪✪✪✪✪✪✪✪✪✪✪


Use arrow keys to dodge!",visible,True,3055199,unknown,https://cdn2.scratch.mit.edu/get_image/project/137865796_480x360.png,2016-12-24T16:19:56.000Z,2017-04-26T20:27:48.000Z,2017-01-06T19:45:54.000Z,17761,944,771,702,0,,
139402347,Potter Platform 9¾ Game,"M  O  R  E       A  W  E  S  O  M  E        G  A  M  E  S 
✪✪✪✪✪✪✪✪✪✪✪✪✪✪✪✪✪✪✪✪✪✪✪✪✪✪✪✪✪✪✪✪✪✪
✪  StarWars 3D   https://scratch.mit.edu/projects/132886879/  ✪
✪ Just Dance       https://scratch.mit.edu/projects/73215842/     ✪
✪  Star wars      https://scratch.mit.edu/projects/42217958/   ✪
✪ Lego builder           http://scratch.mit.edu/projects/30992050/  ✪
 ✪ Top Gear              http://scratch.mit.edu/projects/30081360/  ✪ 
✪ DJ  Awesome         http://scratch.mit.edu/projects/33292982/ ✪
✪✪✪✪✪✪✪✪✪✪✪✪✪✪✪✪✪✪✪✪✪✪✪✪✪✪✪✪✪✪✪✪✪✪✪

Credits
Backgrounds made by me using freeware software. 
Genius of J K Rowling for the HP series...
Sprites from SpriteGenie
All music care of JWilliams
Coding - me.","Runs best in small window (no lag).

✪This is an awesome 2 handed game!
✪Use ASWD or arrow keys to move (usually left hand) 
✪Use mouse to cast your spells. (usually right hand)
✪Kill the beasts, avoid the drops, collect charms and save the world.

❤ LOVE ❤ FAV ❤ FOLLOW ❤ LOVE ❤ FAV ❤ FOLLOW ❤
✪✪✪✪✪✪✪✪✪✪✪✪✪✪✪✪✪✪✪✪✪✪✪✪✪✪✪✪✪✪
PLEASE follow the link below and suggest this to be featured!
https://scratch.mit.edu/discuss/topic/2733/
✪✪✪✪✪✪✪✪✪✪✪✪✪✪✪✪✪✪✪✪✪✪✪✪✪✪✪✪✪✪
  ",visible,True,3055199,unknown,https://cdn2.scratch.mit.edu/get_image/project/139402347_480x360.png,2017-01-10T20:10:39.000Z,2018-05-31T08:06:22.000Z,2017-03-17T19:22:49.000Z,4518,393,329,174,0,,
139993017,✪✪ Jedi 3D Game ✪✪ Star Wars ,"M  O  R  E       A  W  E  S  O  M  E        G  A  M  E  S 
✪✪✪✪✪✪✪✪✪✪✪✪✪✪✪✪✪✪✪✪✪✪✪✪✪✪✪✪✪✪✪✪✪✪
✪  Toy story game:https://scratch.mit.edu/projects/137541559/✪
✪  StarWars 3D   https://scratch.mit.edu/projects/132886879/  ✪
✪ Just Dance       https://scratch.mit.edu/projects/73215842/     ✪
✪  Star wars I        https://scratch.mit.edu/projects/42217958/   ✪
✪ Lego builder           http://scratch.mit.edu/projects/30992050/  ✪
 ✪ Top Gear              http://scratch.mit.edu/projects/30081360/  ✪ 
✪ DJ  Awesome         http://scratch.mit.edu/projects/33292982/ ✪
✪✪✪✪✪✪✪✪✪✪✪✪✪✪✪✪✪✪✪✪✪✪✪✪✪✪✪✪✪✪✪✪✪✪✪

Coding & pixel art by me.

Background art by Deviant.art.com.  Music by John Williams.  Sound
effects by Freesfx.com
","★★★★★★★★★★★★★★★★★★★★★★★★★★★★★★★★★★★★
YouTube Fame Game https://scratch.mit.edu/projects/151305762/
★★★★★★★★★★★★★★★★★★★★★★★★★★★★★★★★★★★★

Use arrow keys and spacebar to protect the Rebel base from the Imperial forces.  STARTS EASY --> GETS HARD when the walkers and spacecraft arrive... watch out!!


✪✪✪✪✪✪✪✪✪✪✪✪✪✪✪✪✪✪✪✪✪✪✪✪✪✪✪✪✪✪✪✪✪✪
✪  Toy story game:https://scratch.mit.edu/projects/137541559/✪
✪✪✪✪✪✪✪✪✪✪✪✪✪✪✪✪✪✪✪✪✪✪✪✪✪✪✪✪✪✪✪✪✪✪

Rogue one rogue 1 star wars 3d game jedi fighting 2017 awesome fun play enjoy # atomicmagicnumber rouge battle player 2.5D 3D Jedi cool game fantastic amazing awesome 2016 play pixels luke skywalker light saber lightsaber sword abrams
awakens
awaken
galaxy
george
lucas
skywalker
force
star wars
star
wars
starwars
#forceawakens
#starwars
#swfa
yoda
luke skywalker
luke
ren
kylo
han solo
han
solo
chewbacca
chewie
bb-8
bb8
r2-d2
bb eight
r2d2
r2
c3po
lightsaber
light-saber
mace windu
sith
the force
jar jar binks
jar jar
binks
anakin skywalker
anakin
darth vader
darth
knights of ken
leia
x-wing
xwing
exwing
millennium falcon
palpatine
galactic empire
galactic
first order
tie fighter
ti-fighter
ti fighter
death star
starkiller
star killer
star-killer
the force awakens
skywalker
executor
new jedi order
jedi
alderaan
episode vii
a new hope
return of the jedi
jedi
empire strikes back
the phantom menace
attack of the clones
revenge of the sith
george lucas
anakin skywalker
the clone wars
battle of jakku
jakku
stormtrooper
clone wars
cloud city
the jedi temple
darth tyrannous
darth
jedi
darth sidious
sidious
midi-chlorians
chlorians
midichlorians
astromech droid
astromech
droid
bantha
y wing
y-wing
ywing
b wing
b-wing
bwing
a wing
a-wing
snook
supreme leader snook
death star 
force lightning
jabba the hutt
jabba
hoth
star destroyer
naboo
sand-trooper
snow-speeder
snow speeder
blaster
wampa 
Starkiller Base
Supreme Leader ",visible,True,3055199,unknown,https://cdn2.scratch.mit.edu/get_image/project/139993017_480x360.png,2017-01-13T19:56:35.000Z,2017-03-21T18:15:04.000Z,2017-01-23T19:06:16.000Z,6545,356,325,247,0,,
142454308,Hero Clicker - Beta,"Hero clicker beta
✪✪✪✪✪✪✪✪✪✪✪✪✪✪✪✪✪✪✪✪✪✪✪✪✪✪✪✪✪✪

(Get your feedback on this beta version in so I can add you here).
Maybe just suggest some more heros to add??
Beta testing crew:
Hia2 - suggested Mario, Boswer, Creeper
✪✪✪✪✪✪✪✪✪✪✪✪✪✪✪✪✪✪✪✪✪✪✪✪✪✪✪✪✪✪




Who else should I add to this game?
Themes from superheros, MineCraft, scratch, StarWars - what else?
Or maybe vote for...
Lionel Messi
David Walliams
David Beckham
My teacher
Spider-Man
Batman
Harry Potter
Little Mix
Ed Sheeran
Superman
Simon Cowell
Ariana Grande
Ironman
Grandmother
Grandfather
Fireman Sam
The Incredible Hulk
Ant and Dec
Thor
Jack Sparrow
Wonderwoman
Matilda
Luke Skywalker
Hermione Granger
Olly Murs
Wayne Rooney
Stampylongnose
The Rock
Usain Bolt
Zoella
Justin Bieber
Harry Styles
Darth Vader
Willy Wonka
Han Solo
Neymar
Rey from Star Wars
Gareth Bale
Sir David Attenborough
Prince Harry
Kate Middleton
Finn from Star Wars
Prince William
Jessica Ennis-Hill
Indiana Jones
Steve Backshall
Bruce Lee
Will Smith
Or maybe vote for yourself to be added or perhaps I should add...

Griffpatch
atomicmagicnumber
@shadowblaze-the-WC 
@bubble103 
@cutupuss 
@bunnyguin 
@calicokitten 
@rosyda 
@-diamondheart- 
@rainbow_waves 
@samanthaflorence 
@bubblebomb 
@Ivypaw_and_Dovepaw 
@Paperclips
@-Magpie-
griffpatch
WazzoTV
Silvershimmer43
scratchU8
Hobson-TV
-SkyStar-
Scratchteam
griffpatch_tutor
FunnyAnimatorJimTV
bear123bear456
ceebee
Will_Wam
theChAOTiC
ThePancakeMan
Astro947
ScratchCat
Paddle2See
Cartoonnetwork
kewl999
Moonpaw12345
Biazeheart
Pickle-Productions
2017 2018 game play fun cool awesome mouse game save
✪✪✪✪✪✪✪✪✪✪✪✪✪✪✪✪✪✪✪✪✪✪✪✪✪✪✪✪✪✪✪✪✪✪✪✪
Text graphics are from flamingtext.com/
All pictures are freeshare from imagehouse, or google 'labelled for reuse' but show characters or themes which remain copyright of Marvel, Disney, Mincraft, Lucasfilms, Lego and of course MIT.
✪✪✪✪✪✪✪✪✪✪✪✪✪✪✪✪✪✪✪✪✪✪✪✪✪✪✪✪✪✪✪✪✪✪✪✪","Hero clicker ___  ᕼ E ᖇ O____ᑕ ᒪ I ᑕ K E ᖇ  _____Hero clicker

✪✪✪✪✪✪✪✪✪✪✪✪✪✪✪✪✪✪✪✪✪✪✪✪✪✪✪✪✪✪✪✪✪✪✪✪
Click to get your FAV HEROS!  FULL tutorial in game!  
Themes from superheros, MineCraft, scratch, StarWars and more!
✪✪✪✪✪✪✪✪✪✪✪✪✪✪✪✪✪✪✪✪✪✪✪✪✪✪✪✪✪✪✪✪✪✪✪✪










Who else should I add to this game?
Themes from superheros, MineCraft, scratch, StarWars - what else?
Or maybe vote for...
Lionel Messi
David Walliams
David Beckham
My teacher
Spider-Man
Batman
Harry Potter
Little Mix
Ed Sheeran
Superman
Simon Cowell
Ariana Grande
Ironman
Grandmother
Grandfather
Fireman Sam
The Incredible Hulk
Ant and Dec
Thor
Jack Sparrow
Wonderwoman
Matilda
Luke Skywalker
Hermione Granger
Olly Murs
Wayne Rooney
Stampylongnose
The Rock
Usain Bolt
Zoella
Justin Bieber
Harry Styles
Darth Vader
Willy Wonka
Han Solo
Neymar
Rey from Star Wars
Gareth Bale
Sir David Attenborough
Prince Harry
Kate Middleton
Finn from Star Wars
Prince William
Jessica Ennis-Hill
Indiana Jones
Steve Backshall
Bruce Lee
Will Smith
Or maybe vote for yourself to be added or perhaps I should add...

Griffpatch
atomicmagicnumber
@shadowblaze-the-WC 
@bubble103 
@cutupuss 
@bunnyguin 
@calicokitten 
@rosyda 
@-diamondheart- 
@rainbow_waves 
@samanthaflorence 
@bubblebomb 
@Ivypaw_and_Dovepaw 
@Paperclips
@-Magpie-
griffpatch
WazzoTV
Silvershimmer43
scratchU8
Hobson-TV
-SkyStar-
Scratchteam
griffpatch_tutor
FunnyAnimatorJimTV
bear123bear456
ceebee
Will_Wam
theChAOTiC
ThePancakeMan
Astro947
ScratchCat
Paddle2See
Cartoonnetwork
kewl999
Moonpaw12345
Biazeheart
Pickle-Productions
2017 2018 2019 game play fun cool awesome mouse game save
",visible,True,3055199,unknown,https://cdn2.scratch.mit.edu/get_image/project/142454308_480x360.png,2017-01-29T19:22:26.000Z,2018-02-03T14:46:00.000Z,2018-01-15T17:44:31.000Z,3097,159,140,188,0,,
144036095,Harry Potter 3D Game,"M  O  R  E       A  W  E  S  O  M  E        G  A  M  E  S 
✪✪✪✪✪✪✪✪✪✪✪✪✪✪✪✪✪✪✪✪✪✪✪✪✪✪✪✪✪✪✪✪✪✪
✪  StarWars 3D   https://scratch.mit.edu/projects/132886879/  ✪
✪ Just Dance       https://scratch.mit.edu/projects/73215842/     ✪
✪  Star wars I        https://scratch.mit.edu/projects/42217958/   ✪
✪ Lego builder           http://scratch.mit.edu/projects/30992050/  ✪
 ✪ Top Gear              http://scratch.mit.edu/projects/30081360/  ✪ 
✪ DJ  Awesome         http://scratch.mit.edu/projects/33292982/ ✪
✪✪✪✪✪✪✪✪✪✪✪✪✪✪✪✪✪✪✪✪✪✪✪✪✪✪✪✪✪✪✪✪✪✪✪

Credits
All  sprites C SpriteAddict
All music C John Willaims
Coding - me.","❤ ❤ ❤ ❤ ❤ ❤ ❤ ❤ ❤ ❤ ❤ ❤ ❤ ❤ ❤ ❤ ❤ ❤ ❤ 
Scratch Fame Game https://scratch.mit.edu/projects/149610906/
❤ ❤ ❤ ❤ ❤ ❤ ❤ ❤ ❤ ❤ ❤ ❤ ❤ ❤ ❤ ❤ ❤ ❤ ❤ 

Welcome the magical world of this Harry Potter 3D Game.  Okay, so this game is really 2.5D but I rounded it up to 3D.  Use your mouse to zap the baddies... you can even zap power ups like the potion to recharge your magic or the shield to boost your defense.  Please post your game rank below.  If you have any suggestions for improvement, please post them below - but please be kind!

",visible,True,3055199,unknown,https://cdn2.scratch.mit.edu/get_image/project/144036095_480x360.png,2017-02-07T18:42:44.000Z,2017-03-11T14:09:17.000Z,2017-03-05T15:59:12.000Z,5598,317,258,242,0,,
147141422,❤❤ CupCake Factory ❤❤,"❤ All of the coding and artwork is mine.  
❤ Thank you to Bensongs.com for the music.
❤ Thank you to Flamingtext.com for the fab cubcake font.
❤ An original idea, by me for you.
❤ Thank you for reading this!","❤ ❤ ❤ ❤ ❤ ❤ ❤ ❤ ❤ ❤ ❤ ❤ ❤ ❤ ❤ ❤ ❤ ❤ ❤ 
Scratch Fame Game https://scratch.mit.edu/projects/149610906/
❤ ❤ ❤ ❤ ❤ ❤ ❤ ❤ ❤ ❤ ❤ ❤ ❤ ❤ ❤ ❤ ❤ ❤ ❤ 

❤ CupCake Factory is a fun color matching cupcake making game.  
❤There are full in game instructions AND tips provided in game. 

✪✪✪✪✪✪✪✪✪✪✪✪✪✪✪✪✪✪✪✪✪✪✪✪✪✪✪✪✪✪✪✪✪✪
✪ Lego builder           http://scratch.mit.edu/projects/30992050/  ✪
✪ Just Dance       https://scratch.mit.edu/projects/73215842/    ✪
✪  Star wars I        https://scratch.mit.edu/projects/42217958/   ✪
✪ Top Gear              http://scratch.mit.edu/projects/30081360/   ✪ 
✪ DJ  Awesome         http://scratch.mit.edu/projects/33292982/ ✪
✪ 3D Jedi Game https://scratch.mit.edu/projects/139993017    ✪
✪ Star Wars 3D   https://scratch.mit.edu/projects/132886879/   ✪
✪✪✪✪✪✪✪✪✪✪✪✪✪✪✪✪✪✪✪✪✪✪✪✪✪✪✪✪✪✪✪✪✪✪✪
",visible,True,3055199,unknown,https://cdn2.scratch.mit.edu/get_image/project/147141422_480x360.png,2017-02-25T13:45:19.000Z,2017-07-11T06:28:09.000Z,2017-07-10T19:55:14.000Z,3615,298,257,133,0,,
149610906,Scratch Fame Game,"M  O  R  E       A  W  E  S  O  M  E        G  A  M  E  S 
✪✪✪✪✪✪✪✪✪✪✪✪✪✪✪✪✪✪✪✪✪✪✪✪✪✪✪✪✪
YouTube Fame Game https://scratch.mit.edu/projects/151305762/
✪  Harry Potter https://scratch.mit.edu/projects/144036095/    ✪
✪ StarWars 3D   https://scratch.mit.edu/projects/132886879/   ✪
✪ Just Dance       https://scratch.mit.edu/projects/73215842/   ✪
✪  Star wars I        https://scratch.mit.edu/projects/42217958/   ✪
✪ Lego builder           http://scratch.mit.edu/projects/30992050/  ✪
 ✪ Top Gear              http://scratch.mit.edu/projects/30081360/  ✪ 
✪ DJ  Awesome         http://scratch.mit.edu/projects/33292982/ ✪
✪✪✪✪✪✪✪✪✪✪✪✪✪✪✪✪✪✪✪✪✪✪✪✪✪✪✪✪✪✪✪✪✪✪✪

Music by Bensound.com and is free to use so long as you credit Bensound.com. Graphics copyright of Scratch!  LOL!","✪✪✪✪✪✪✪✪✪✪✪✪✪✪✪✪✪✪✪✪✪✪✪✪✪✪✪✪✪✪✪✪✪
https://scratch.mit.edu/projects/157306339/  
Fidget spinner pro.  An awesome clicker game!
✪✪✪✪✪✪✪✪✪✪✪✪✪✪✪✪✪✪✪✪✪✪✪✪✪✪✪✪✪✪✪✪
************************************************************************
 Scratch Fame Game™  helps you get TONS of ✉MESSAGES, get 웃FOLLOWERS make PROJECTS to become a Famous Scratcher!  
************************************************************************

21st March All remixers avatars FEATURED under the Scratch Tab!

Get FAMOUS on scratch in MINUTES!  

Please comment on how many followers you get... you get them by earning points in alll of the mini-games.  


Scratch fame game.  Be as famous as....
@shadowblaze-the-WC 
@bubble103 
@cutupuss 
@bunnyguin 
@calicokitten 
@rosyda 
@-diamondheart- 
@rainbow_waves 
@samanthaflorence 
@bubblebomb 
@Ivypaw_and_Dovepaw 
@Paperclips
@-Magpie-
griffpatch
WazzoTV
Silvershimmer43
scratchU8
Hobson-TV
-SkyStar-
Scratchteam
griffpatch_tutor
FunnyAnimatorJimTV
bear123bear456
ceebee
Will_Wam
theChAOTiC
ThePancakeMan
Astro947
ScratchCat
Paddle2See
Cartoonnetwork
kewl999
Moonpaw12345
Biazeheart
Pickle-Productions",visible,True,3055199,unknown,https://cdn2.scratch.mit.edu/get_image/project/149610906_480x360.png,2017-03-10T18:16:08.000Z,2017-04-26T20:26:20.000Z,2017-03-11T10:25:48.000Z,10164,1220,1032,1066,0,,
151305762,YouTube Fame Game™,"   M  O  R  E       A  W  E  S  O  M  E        G  A  M  E  S 

✪✪✪✪✪✪✪✪✪✪✪✪✪✪✪✪✪✪✪✪✪✪✪✪✪✪✪✪✪✪
✪ScratchFame Game https://scratch.mit.edu/projects/149610906/ 
✪ Toy story game https://scratch.mit.edu/projects/137541559/✪
✪  StarWars 3D   https://scratch.mit.edu/projects/132886879/  ✪
✪ Just Dance       https://scratch.mit.edu/projects/73215842/     ✪
✪  Star wars I        https://scratch.mit.edu/projects/42217958/   ✪
✪Penalty                  http://scratch.mit.edu/projects/31882400/      ✪
✪Lego builder           http://scratch.mit.edu/projects/30992050/     ✪
✪Trading game         http://scratch.mit.edu/projects/21934344/    ✪
✪✪✪✪✪✪✪✪✪✪✪✪✪✪✪✪✪✪✪✪✪✪✪✪✪✪✪✪✪✪

Music by Bensound.com.  Logo copyright YouTube.
All extra graphics labelled as copyright free/ free for reuse and modification. 

Can you be like these youtubers?
Music
Gaming
Sports
PewDiePie
Movies
News
HolaSoyGerman.
Popular on YouTube
JustinBieberVEVO
YouTube Spotlight
RihannaVEVO
elrubiusOMG
Smosh
TaylorSwiftVEVO
OneDirectionVEVO
KatyPerryVEVO
EminemVEVO
Fernanfloo
VanossGaming
nigahiga
TheEllenShow
JuegaGerman
whinderssonnunes
Yuya
VEGETTA777
JennaMarbles
T-Series
Markiplier
Spinnin' Records
Dude Perfect
KSI
ArianaGrandeVevo
Skrillex
FBE
WWE
jacksepticeye
DanTDM
AdeleVEVO
ERB
WatchMojo.com
Ed Sheeran
Bruno Mars
Vevo
enchufetv
The Tonight Show Starring Jimmy Fallon
David Guetta
Porta dos Fundos
Werevertumorro
Pop Music - Topic
PTXofficial
Maroon5VEVO
Trap Nation
shakiraVEVO
Machinima
FailArmy
CanalCanalha
Sky Does Minecraft
Good Mythical Morning
BuzzFeedVideo
beyonceVEVO
RomanAtwoodVlogs
SelenaGomezVEVO
Vsauce
NickiMinajAtVEVO
Zoella
TheWillyrex
Canal KondZilla
Rclbeauty101
TV Shows
IISuperwomanII
EeOneGuy
PopularMMOs
rezendeevil
Movieclips Trailers
CalvinHarrisVEVO
DrossRotzank
SET India
Wiz Khalifa
Cyprien
Get Movies
Ray William Johnson
Hip Hop Music - Topic
RomanAtwood
Bethany Mota
PrankvsPrank
5incominutos
NoCopyrightSounds
AviciiOfficialVEVO
#Education
SMTOWN
ChrisBrownVEVO
EnriqueIglesiasVEVO
TheSyndicateProject
DemiLovatoVEVO
LittleBabyBum ®
The Late Late Show with James Corden
CaptainSparklez
W2S
fouseyTUBE
","✪✪✪✪✪✪✪✪✪✪✪✪✪✪✪✪✪✪✪✪✪✪✪✪✪✪✪✪✪✪✪✪✪
https://scratch.mit.edu/projects/157306339/  
Fidget spinner pro.  An awesome clicker game!
✪✪✪✪✪✪✪✪✪✪✪✪✪✪✪✪✪✪✪✪✪✪✪✪✪✪✪✪✪✪✪✪✪✪

YouTube Fame Game™ DESIGN your set, make VIRAL VIDEOS, earn SUBSCRIBERS and become a FAMOUS YouTuber!  


✪✪✪✪✪✪✪✪✪✪✪✪✪✪✪✪✪✪✪✪✪✪✪✪✪✪✪✪✪✪


Be like these YouTubers
Music
Gaming
Sports
PewDiePie
Movies
News
HolaSoyGerman.
Popular on YouTube
JustinBieberVEVO
YouTube Spotlight
RihannaVEVO
elrubiusOMG
Smosh
TaylorSwiftVEVO
OneDirectionVEVO
KatyPerryVEVO
EminemVEVO
Fernanfloo
VanossGaming
nigahiga
TheEllenShow
JuegaGerman
whinderssonnunes
Yuya
VEGETTA777
JennaMarbles
T-Series
Markiplier
Spinnin' Records
Dude Perfect
KSI
ArianaGrandeVevo
Skrillex
FBE
WWE
jacksepticeye
DanTDM
AdeleVEVO
ERB
WatchMojo.com
Ed Sheeran
Bruno Mars
Vevo
enchufetv
The Tonight Show Starring Jimmy Fallon
David Guetta
Porta dos Fundos
Werevertumorro
Pop Music - Topic
PTXofficial
Maroon5VEVO
Trap Nation
shakiraVEVO
Machinima
FailArmy
CanalCanalha
Sky Does Minecraft
Good Mythical Morning
BuzzFeedVideo
beyonceVEVO
RomanAtwoodVlogs
SelenaGomezVEVO
Vsauce
NickiMinajAtVEVO
Zoella
TheWillyrex
Canal KondZilla
Rclbeauty101
TV Shows
IISuperwomanII
EeOneGuy
PopularMMOs
rezendeevil
Movieclips Trailers
CalvinHarrisVEVO
DrossRotzank
SET India
Wiz Khalifa
Cyprien
Get Movies
Ray William Johnson
Hip Hop Music - Topic
RomanAtwood
Bethany Mota
PrankvsPrank
5incominutos
NoCopyrightSounds
AviciiOfficialVEVO
#Education
SMTOWN
ChrisBrownVEVO
EnriqueIglesiasVEVO
TheSyndicateProject
DemiLovatoVEVO
LittleBabyBum ®
The Late Late Show with James Corden
CaptainSparklez
W2S
fouseyTUBE",visible,True,3055199,unknown,https://cdn2.scratch.mit.edu/get_image/project/151305762_480x360.png,2017-03-20T20:57:54.000Z,2017-04-26T20:26:49.000Z,2017-03-21T16:00:31.000Z,31099,1461,1250,1033,0,,
153330174,TXT ME ,"Please check out my LATEST game released 2nd March 2018!
https://scratch.mit.edu/projects/207124049/

100% original idea. 
100% coding and graphics me.
100% thx - 4 days to top loved!



Music is: Psi, Grande and Swift","NEW and IMPROVED txt story available here:
https://scratch.mit.edu/projects/209128123/



Can you txt your friend to save them from the bullies???

",visible,True,3055199,unknown,https://cdn2.scratch.mit.edu/get_image/project/153330174_480x360.png,2017-03-30T19:01:54.000Z,2018-03-13T20:17:26.000Z,2018-02-24T21:29:48.000Z,18794,901,716,875,0,,
155735348,Can you ROCK fame?,"SCRATCH THESE OTHER AWESOME GAMES! ,
✪✪✪✪✪✪✪✪✪✪✪✪✪✪✪✪✪✪✪✪✪✪✪✪✪✪✪✪✪
YouTube Fame Game https://scratch.mit.edu/projects/151305762/
✪  Harry Potter https://scratch.mit.edu/projects/144036095/    ✪
✪ StarWars 3D   https://scratch.mit.edu/projects/132886879/   ✪
✪ Just Dance       https://scratch.mit.edu/projects/73215842/   ✪
✪  Star wars I        https://scratch.mit.edu/projects/42217958/   ✪
✪ Lego builder           http://scratch.mit.edu/projects/30992050/  ✪
 ✪ Top Gear              http://scratch.mit.edu/projects/30081360/  ✪ 
✪ DJ  Awesome         http://scratch.mit.edu/projects/33292982/ ✪
✪✪✪✪✪✪✪✪✪✪✪✪✪✪✪✪✪✪✪✪✪✪✪✪✪✪✪✪✪✪✪✪✪✪✪

Pharrell Williams (Happy) also Music by Bensound.com  and is free to use so long as you credit Bensound.com. Graphics copyright of Scratch!  LOL!

Scratch fame game.  Be as famous as....
Griffpatch
atomicmagicnumber
@shadowblaze-the-WC 
@bubble103 
@cutupuss 
@bunnyguin 
@calicokitten 
@rosyda 
@-diamondheart- 
@rainbow_waves 
@samanthaflorence 
@bubblebomb 
@Ivypaw_and_Dovepaw 
@Paperclips
@-Magpie-
griffpatch
WazzoTV
Silvershimmer43
scratchU8
Hobson-TV
-SkyStar-
Scratchteam
griffpatch_tutor
FunnyAnimatorJimTV
bear123bear456
ceebee
Will_Wam
theChAOTiC
ThePancakeMan
Astro947
ScratchCat
Paddle2See
Cartoonnetwork
kewl999
Moonpaw12345
Biazeheart
Pickle-Productions
2017 game play fun cool awesome mouse game save","Scratch Fame Game II™ is BACK and it's going VIRAL!
***************************************************************************
Get TONS of ✉MESSAGES, win loads of 웃FOLLOWERS, make cool new PROJECTS to become a Famous Scratcher!
***********************************************************************
AWESOME new mini games - ACE music and GAME SAVE!
 
 


************************************************************************

Get FAMOUS on scratch in MINUTES!  

Please comment on how many followers you get... you get them by earning points in alll of the mini-games.  


Scratch fame game.  Be as famous as....
Griffpatch
atomicmagicnumber
@shadowblaze-the-WC 
@bubble103 
@cutupuss 
@bunnyguin 
@calicokitten 
@rosyda 
@-diamondheart- 
@rainbow_waves 
@samanthaflorence 
@bubblebomb 
@Ivypaw_and_Dovepaw 
@Paperclips
@-Magpie-
griffpatch
WazzoTV
Silvershimmer43
scratchU8
Hobson-TV
-SkyStar-
Scratchteam
griffpatch_tutor
FunnyAnimatorJimTV
bear123bear456
ceebee
Will_Wam
theChAOTiC
ThePancakeMan
Astro947
ScratchCat
Paddle2See
Cartoonnetwork
kewl999
Moonpaw12345
Biazeheart
Pickle-Productions
2017 game play fun cool awesome mouse game save",visible,True,3055199,unknown,https://cdn2.scratch.mit.edu/get_image/project/155735348_480x360.png,2017-04-15T11:24:41.000Z,2017-06-07T18:15:26.000Z,2017-04-23T08:56:31.000Z,2461,225,196,384,0,,
157306339,Fidget Spinner Pro™ Can you MAX it out?,"  ✪✪✪✪✪✪✪✪✪✪✪✪✪✪✪✪✪✪✪✪✪✪✪✪✪✪✪✪✪
Please try latest clicker game:  Hero Maker!

https://scratch.mit.edu/projects/142454308/
✪✪✪✪✪✪✪✪✪✪✪✪✪✪✪✪✪✪✪✪✪✪✪✪✪✪✪✪✪





Text graphics are from flamingtext.com/
All pictures are freeshare from imagehouse.
Sound care of B Hill, M Ronson, SFX.com 
Fidget spinners invented by Catherine A. Hettinger 
Fidget spinner pro 2017 trend fad craze




Rogue one rogue 1 star wars 3d game jedi fighting 2017 awesome fun play enjoy # atomicmagicnumber rouge battle player 2.5D 3D Jedi cool game fantastic amazing awesome 2016 play pixels luke skywalker light saber lightsaber sword abrams
awakens
awaken
galaxy
george
lucas
skywalker
force
star wars
star
wars
starwars
#forceawakens
#starwars
#swfa
yoda
luke skywalker
luke
ren
kylo
han solo
han
solo
chewbacca
chewie
bb-8
bb8
r2-d2
bb eight
r2d2
r2
c3po
lightsaber
light-saber
mace windu
sith
the force
jar jar binks
jar jar
binks
anakin skywalker
anakin
darth vader
darth
knights of ken
leia
x-wing
xwing
exwing
millennium falcon
palpatine
galactic empire
galactic
first order
tie fighter
ti-fighter
ti fighter
death star
starkiller
star killer
star-killer
the force awakens
skywalker
executor
new jedi order
jedi
alderaan
episode vii
a new hope
return of the jedi
jedi
empire strikes back
the phantom menace
attack of the clones
revenge of the sith
george lucas
anakin skywalker
the clone wars
battle of jakku
jakku
stormtrooper
clone wars
cloud city
the jedi temple
darth tyrannous
darth
jedi
darth sidious
sidious
midi-chlorians
chlorians
midichlorians
astromech droid
astromech
droid
bantha
y wing
y-wing
ywing
b wing
b-wing
bwing
a wing
a-wing
snook
supreme leader snook
death star 
force lightning
jabba the hutt
jabba
hoth
star destroyer
naboo
sand-trooper
snow-speeder
snow speeder
blaster
wampa 
Starkiller Base
Supreme Leader 
minecraft, minecraft hunger games, minecraft survival island, minecraft mods, minecraft song, minecraft style, minecraft xbox 360, minecraft parody, minecraft herobrine, skydoesminecraft, minecraft songs, captainsparklez, minecraft yogscast, yogscast minecraft, yogscast, minecraft skydoesminecraft, sky does minecraft, gangnam style, tobuscus minecraft, minecraft trolling, pewdiepie, smosh, tobygames minecraft, minecraft roller coaster, lets play minecraft, tobuscus, tnt minecraft parody, seananners, minecraft mod, minecraft survival, minecraft griefing, minecraft animation, bluexephos, uberhaxornova, herobrine, minecraft creations, minecraft trailer, minecraft christmas, minecraft multiplayer, minecraft skyblock, minecraft gameplay, minecraft traps, uberhaxornova minecraft, slyfoxhound, youtube, syndicate project minecraft, minecraft survival games, minecraft gangnam style, herobrine minecraft, minecraft seeds, roosterteeth, minecraft mansion, minecraft castle, minecraft adventure map, minecraft dad, lego minecraft, antvenom, skydoesminecraft mod showcase, minecraft tutorial, pewdiepie minecraft, minecraft tnt, tobygames, minecraft server, minecraft revenge, stampylongnose minecraft, minecraft music, minecraft lets play, minecraft fail, hunger games minecraft, minecraft videos, minecraft stampylongnose, chimneyswift11, minecraft house, minecraft 1.8, minecraft captainsparklez, minecraft harlem shake, ihascupquake minecraft oasis, revenge minecraft, minecraft texture pack, roosterteeth minecraft, seananners minecraft, minecraft servers, paulsoaresjr, stampylonghead, minecraft antvenom, minecraft xbox, minecraft tobygames, the minecraft project, minecraft creeper, bluexephos minecraft, captainsparklez minecraft, bajan canadian, revenge, fallen kingdom, minecraft maps, minecraft oasis, minecraft tekkit, nigahiga, minecraft noob adventures"," ✪✪✪✪✪✪✪✪✪✪✪✪✪✪✪✪✪✪✪✪✪✪✪✪✪✪✪✪✪
Please try latest clicker game:  Hero Maker!

https://scratch.mit.edu/projects/142454308/
✪✪✪✪✪✪✪✪✪✪✪✪✪✪✪✪✪✪✪✪✪✪✪✪✪✪✪✪✪

In this AWESOME clicker game, you click the fidget spinner to earn points and collect TONS of SPINNERS, TRICKS and UPGRADES!  The more upgrades you get... the faster your SCORE and STATUS grow!!

New themes added Starwars, Pixels, Minecraft + Racing car

Collect and fidget with ACE spinners.  Learn TRICKS.  Upgrades! Fidgets!  Upgrades!  Spinners! Fun!  Upgrades!  Clicker! Fun! Clicker! Fidget clicker!
 
Please type your status below so I can see how much you fidget!",visible,True,3055199,unknown,https://cdn2.scratch.mit.edu/get_image/project/157306339_480x360.png,2017-04-25T18:41:24.000Z,2018-02-27T20:33:50.000Z,2017-04-25T20:58:56.000Z,93019,5986,5339,3008,0,,
163415324,Fidget Spinner Pro 2 - REMIX to save progress!,"Music changed 28/8/2018

✪✪✪✪✪✪✪✪✪✪✪✪✪✪✪✪✪✪✪✪✪✪✪✪✪✪✪✪✪
Please try latest clicker game:  Hero Maker!

https://scratch.mit.edu/projects/142454308/
✪✪✪✪✪✪✪✪✪✪✪✪✪✪✪✪✪✪✪✪✪✪✪✪✪✪✪✪✪




A MASSIVE upgrade of the MONSTER HIT Fidget Spinner Pro.
✪✪✪✪✪✪✪✪✪✪✪✪✪✪✪✪✪✪✪✪✪✪✪✪✪✪✪✪✪✪✪✪✪✪✪✪
Thanks to the Beta Testing Crew:

✪ 4321SWAG              ✪SimplyBloo         ✪That_Annoying_Guy
✪ GamerJunction         ✪SuperGenius12       ✪goosebumps2013
✪ don2345                ✪CodingTo_H-E-A-R-T_      ✪ xxvvxx1234           
✪ GamerJunction
          
✪✪✪✪✪✪✪✪✪✪✪✪✪✪✪✪✪✪✪✪✪✪✪✪✪✪✪✪✪✪✪✪✪✪✪✪
Text graphics are from flamingtext.com/
All pictures are freeshare from imagehouse, or google 'labelled for reuse' but show characters or themes which remain copyright of Marvel, Disney, Mincraft, Lucasfilms, Lego and of course MIT.
✪✪✪✪✪✪✪✪✪✪✪✪✪✪✪✪✪✪✪✪✪✪✪✪✪✪✪✪✪✪✪✪✪✪✪✪
MP3 tracks are cut down (if you like them, please buy the full versions) to encourage fans to buy them and remain copyright of:
* Chad Jackson - Hear the drummer get wicked
* Taylor Swift - Shake It Off
* Happy - Farrell Williams


Fidget spinners invented by Catherine Hettinger who never made any profit from them (a bit like Scratchers - all that work and no cash, just happy people).

Fidget spinner pro 2018 trend fad craze
","Fidget spinner Pro 2 - Remix to save game progress!

✪✪✪✪✪✪✪✪✪✪✪✪✪✪✪✪✪✪✪✪✪✪✪✪✪✪✪✪✪✪
FULL tutorial in game!  Click the fidget spinner, earn HUGE SCORES, buy TONS of SPINNERS, TRICKS, BEARINGS, AVATARS, WALLPAPER - even hats! Can you unlock STRESSball?
✪✪✪✪✪✪✪✪✪✪✪✪✪✪✪✪✪✪✪✪✪✪✪✪✪✪✪✪✪",visible,True,3055199,unknown,https://cdn2.scratch.mit.edu/get_image/project/163415324_480x360.png,2017-05-27T11:00:21.000Z,2018-08-28T18:23:13.000Z,2018-08-28T18:22:38.000Z,65931,3614,3196,1973,0,,
169338283,Minecraft Gold,"

SCRATCH THESE OTHER AWESOME GAMES! 
✪✪✪✪✪✪✪✪✪✪✪✪✪✪✪✪✪✪✪✪✪✪✪✪✪✪✪✪✪
YouTube Fame Game https://scratch.mit.edu/projects/151305762/
✪  Harry Potter https://scratch.mit.edu/projects/144036095/    ✪
✪ StarWars 3D   https://scratch.mit.edu/projects/132886879/   ✪
✪ Just Dance       https://scratch.mit.edu/projects/73215842/   ✪
✪  Star wars I        https://scratch.mit.edu/projects/42217958/   ✪
✪ Lego builder           http://scratch.mit.edu/projects/30992050/  ✪
 ✪ Top Gear              http://scratch.mit.edu/projects/30081360/  ✪ 
✪ DJ  Awesome         http://scratch.mit.edu/projects/33292982/ ✪
✪✪✪✪✪✪✪✪✪✪✪✪✪✪✪✪✪✪✪✪✪✪✪✪✪✪✪✪✪✪✪✪✪✪✪

","Use arrow keys and space to dig for gold.  
Lots of cool unlocks! To save your gold REMIX!

Game is BETA, so if you have any suggestions, please post them.  If I include your suggestions, I'll add you to the credits.",visible,True,3055199,unknown,https://cdn2.scratch.mit.edu/get_image/project/169338283_480x360.png,2017-07-20T12:58:09.000Z,2017-07-20T13:46:15.000Z,2017-07-20T13:46:15.000Z,4024,152,127,73,0,,
224021331,Scratch Night Animal Creator Platformer!,"Physics update done!

FULL credits are at the bottom of this advert for my own games:
⇩⇩⇩⇩⇩⇩⇩⇩ TOP SCRATCH GAMES LIST ⇩⇩⇩⇩⇩⇩⇩⇩
==========================================
✪✪✪✪✪Fidget Spinner Pro 88K views ✪✪✪✪✪
https://scratch.mit.edu/projects/157306339/
==========================================
✪✪✪✪✪ Youtube Paper 62K views ✪✪✪✪✪
https://scratch.mit.edu/projects/204080242/
==========================================
✪✪✪✪✪ Fidget Spinner Pro 2 68K views ✪✪✪✪✪
https://scratch.mit.edu/projects/163415324/
==========================================
✪✪✪✪✪ Starwars 3D 62K views ✪✪✪✪✪
https://scratch.mit.edu/projects/132886879/
==========================================
✪✪✪✪✪Minecraft Mod 34K views✪✪✪✪✪
https://scratch.mit.edu/projects/137095063/
==========================================
✪✪✪✪✪ My FIFA 18 soccer 52K views✪✪✪✪✪
https://scratch.mit.edu/projects/203420953/ 
==========================================
✪✪✪✪✪ Paper YouTube 48K views ✪✪✪✪✪
https://scratch.mit.edu/projects/204080242/
==========================================
✪✪✪✪✪ Mario V Sonic 3D 43K views ✪✪✪✪✪
https://scratch.mit.edu/projects/214635219/
==========================================
✪✪✪✪✪ YouTube FameGame 29K views ✪✪✪✪✪
https://scratch.mit.edu/projects/151305762/
==========================================
✪✪✪✪✪ ScratchFame Game 29K views ✪✪✪✪✪
 https://scratch.mit.edu/projects/149610906/
==========================================
✪✪✪✪✪ Pokemon Go 20K views ✪✪✪✪✪
https://scratch.mit.edu/projects/116609790/
==========================================
✪✪✪✪✪ TXT ME 17K views ✪✪✪✪✪
https://scratch.mit.edu/projects/153330174/
==========================================
✪✪✪✪✪ The Simpsons 3D 16K views ✪✪✪✪✪
https://scratch.mit.edu/projects/137865796/
==========================================
✪✪✪✪✪ SpiderFan 16K views ✪✪✪✪✪
https://scratch.mit.edu/projects/207124049/
==========================================
✪✪✪✪✪ Just Dance 11K views ✪✪✪✪✪
https://scratch.mit.edu/projects/73215842/
==========================================
✪✪✪✪✪Plus loads of other top games! ✪✪✪✪✪

Full credits:
Music Mega Man lII-GB-Final-Stage-Wily-Marine-Fortres, WaveRider and MyMash
Sound effects - Mostly from Freesound, some by me.","What?  That is just CRAAAZZZEEEE!  
 
Use arrow keys to explore and time spacebar to DOUBLE jump.  
You will need to double jump!  Find chests and create your own animal in this interactive platform story to Celebrate Scratches Birthday!!! 

FULL credits are at the bottom of this advert for my own games:
⇩⇩⇩⇩⇩⇩⇩⇩ TOP SCRATCH GAMES LIST ⇩⇩⇩⇩⇩⇩⇩⇩
==========================================
✪✪✪✪✪Fidget Spinner Pro 88K views ✪✪✪✪✪
https://scratch.mit.edu/projects/157306339/
==========================================
✪✪✪✪✪ Youtube Paper 62K views ✪✪✪✪✪
https://scratch.mit.edu/projects/204080242/
==========================================
✪✪✪✪✪ Fidget Spinner Pro 2 68K views ✪✪✪✪✪
https://scratch.mit.edu/projects/163415324/
==========================================
✪✪✪✪✪ Starwars 3D 62K views ✪✪✪✪✪
https://scratch.mit.edu/projects/132886879/
==========================================
✪✪✪✪✪Minecraft Mod 34K views✪✪✪✪✪
https://scratch.mit.edu/projects/137095063/
==========================================
✪✪✪✪✪ My FIFA 18 soccer 52K views✪✪✪✪✪
https://scratch.mit.edu/projects/203420953/ 
==========================================
✪✪✪✪✪ Paper YouTube 48K views ✪✪✪✪✪
https://scratch.mit.edu/projects/204080242/
==========================================
✪✪✪✪✪ Mario V Sonic 3D 43K views ✪✪✪✪✪
https://scratch.mit.edu/projects/214635219/
==========================================
✪✪✪✪✪ YouTube FameGame 29K views ✪✪✪✪✪
https://scratch.mit.edu/projects/151305762/
==========================================
✪✪✪✪✪ ScratchFame Game 29K views ✪✪✪✪✪
 https://scratch.mit.edu/projects/149610906/
==========================================
✪✪✪✪✪ Pokemon Go 20K views ✪✪✪✪✪
https://scratch.mit.edu/projects/116609790/
==========================================
✪✪✪✪✪ TXT ME 17K views ✪✪✪✪✪
https://scratch.mit.edu/projects/153330174/
==========================================
✪✪✪✪✪ The Simpsons 3D 16K views ✪✪✪✪✪
https://scratch.mit.edu/projects/137865796/
==========================================
✪✪✪✪✪ SpiderFan 16K views ✪✪✪✪✪
https://scratch.mit.edu/projects/207124049/
==========================================
✪✪✪✪✪ Just Dance 11K views ✪✪✪✪✪
https://scratch.mit.edu/projects/73215842/
==========================================
✪✪✪✪✪Plus loads of other top games! ✪✪✪✪✪
",visible,True,3055199,unknown,https://cdn2.scratch.mit.edu/get_image/project/224021331_480x360.png,2018-05-18T12:48:59.000Z,2018-05-31T08:03:25.000Z,2018-05-20T20:32:49.000Z,13897,565,478,362,0,,
225858108,Mr Bean Don't Panic!,"Full credit goes to the GENIUS of Rowan Atkinson for creating my fav ever comic character.  This episode is built out of scenes from 4 different episodes to give a whole new plot!

Music, well.... Uptown Funk by Bruno Mars.  Fits almost too perfectly!

Credit goes to these Scatcher Bean Fans!
@aelu4    @jazzygjazzygg  @Purple_Ember  @ScratchGamer314
@_wolfQueen   @tuck_s","Click.  Watch.  Laugh.  Love.  Follow.


First 100 to love and tell me their fav Bean moment may win a credit!









Mr Bean is Funny.  Here is the dictionary definition:

causing laughter or amusement; humorous.
""a funny story""
synonyms:	amusing, humorous, comic, comical, droll, laughable, chucklesome; More
antonyms:	serious, tragic
informal
used to emphasize that something is unpleasant or wrong and should be regarded seriously or avoided.
""stealing other people's work isn't funny""
2.
difficult to explain or understand; strange or curious.
""I had a funny feeling you'd be around""
unusual, especially in such a way as to arouse suspicion.
""there was something funny going on""
synonyms:	strange, peculiar, odd, queer, weird, bizarre, curious, freakish, freak, quirky; More
antonyms:	obvious, straightforward, trustworthy
used to draw attention to or express surprise at a curious or interesting fact or occurrence.
""it's funny how there are fashions in crime""
informal
(of a person or part of the body) not in wholly good health or order; slightly ill.
""my eyes go all funny after a bit""
BRITISHinformal
slightly deranged or eccentric.
""I heard she'd gone a bit funny""
noun
plural noun: funnies
1.
informal
amusing jokes.
""the training courses usually produced a good crop of funnies""
NORTH AMERICAN
the comic strips in newspapers.
noun: funny
""I read the sports page, funnies, and editorial""",visible,True,3055199,unknown,https://cdn2.scratch.mit.edu/get_image/project/225858108_480x360.png,2018-05-27T16:18:40.000Z,2018-06-08T16:08:55.000Z,2018-06-07T20:30:31.000Z,705,118,93,73,0,,
234489335,Squishy Squishie GAME!  Remixing SAVES progress!,"New Squishy faces game is here!
https://scratch.mit.edu/projects/236246423/
 

Testing Crew   Big thanks to @-No-Face-
@puppycutest  @cutezomgirl  @bestscratchprojects  @cutezomgirl
@chopsticksarehard    @D67578   @ranger123456789
✯✯✯✯✯✯✯✯✯✯✯✯✯✯✯✯✯✯✯✯✯✯✯✯✯✯✯✯✯✯✯✯✯✯✯✯
YouTube PRO  https://scratch.mit.edu/projects/220815455/
✯✯✯✯✯✯✯✯✯✯✯✯✯✯✯✯✯✯✯✯✯✯✯✯✯✯✯✯✯✯✯✯✯✯✯✯

✪✪✪✪✪✪✪✪✪✪✪✪✪✪✪✪✪✪✪✪✪✪✪✪✪✪✪✪✪✪✪✪✪✪✪
✪ YouTube FameGame https://scratch.mit.edu/projects/151305762/
✪ ScratchFame Game https://scratch.mit.edu/projects/149610906/ 
✪ Toy story game https://scratch.mit.edu/projects/137541559/
✪ StarWars 3D   https://scratch.mit.edu/projects/132886879/  
✪ Just Dance       https://scratch.mit.edu/projects/73215842/     
✪  Star wars I        https://scratch.mit.edu/projects/42217958/   
✪Penalty                  http://scratch.mit.edu/projects/31882400/      ✪
✪Lego builder           http://scratch.mit.edu/projects/30992050/     ✪
✪Trading game         http://scratch.mit.edu/projects/21934344/    ✪
✪✪✪✪✪✪✪✪✪✪✪✪✪✪✪✪✪✪✪✪✪✪✪✪✪✪✪✪✪✪

870K views in all of my projects so far!

Music by Pharell Williams (Happy), Bruno Mars (Uptown Funk) and Chiptunes.  All squishie images are identified as royalty free and public domain without attribution by advanced image search engines.","New Squishy Faces game is here!
https://scratch.mit.edu/projects/236246423/

Squishy Squishie THE GAME!  Make your own squishy creations!
Click the squishy squishy, earn points, buy more squishy squishies !
Contains minecraft, starwars, cats, dogs, cute and other themes.

Please love, follow and comment! 
7th July Remix now saves progress!  New drone features added!  
9th July, 15!!! more squishies added and costs lowered!

✯✯✯✯✯✯✯✯✯✯✯✯✯✯✯✯✯✯✯✯✯✯✯✯✯✯✯✯✯✯✯✯✯✯✯✯
YouTube PRO  https://scratch.mit.edu/projects/220815455/
✯✯✯✯✯✯✯✯✯✯✯✯✯✯✯✯✯✯✯✯✯✯✯✯✯✯✯✯✯✯✯✯✯✯✯✯

✪✪✪✪✪✪✪✪✪✪✪✪✪✪✪✪✪✪✪✪✪✪✪✪✪✪✪✪✪✪✪✪✪✪✪
✪ YouTube FameGame https://scratch.mit.edu/projects/151305762/
✪ ScratchFame Game https://scratch.mit.edu/projects/149610906/ 
✪ Toy story game https://scratch.mit.edu/projects/137541559/
✪ StarWars 3D   https://scratch.mit.edu/projects/132886879/  
✪ Just Dance       https://scratch.mit.edu/projects/73215842/     
✪  Star wars I        https://scratch.mit.edu/projects/42217958/   
✪Penalty                  http://scratch.mit.edu/projects/31882400/      ✪
✪Lego builder           http://scratch.mit.edu/projects/30992050/     ✪
✪Trading game         http://scratch.mit.edu/projects/21934344/    ✪
✪✪✪✪✪✪✪✪✪✪✪✪✪✪✪✪✪✪✪✪✪✪✪✪✪✪✪✪✪✪",visible,True,3055199,unknown,https://cdn2.scratch.mit.edu/get_image/project/234489335_480x360.png,2018-06-30T06:42:00.000Z,2018-07-20T16:00:53.000Z,2018-06-30T10:25:54.000Z,26442,1494,1232,1422,0,,
236246423,Squishy Faces GAME - hit Remix to save your progress,"Big thanks to my Beta Crew for this game:
@Alexrock33     @ roverboi  @_sparkly_unicorns   @D67578  @fredjake     @-Samalary-   @kiera6514    @hopspottedbear


FULL credits are at the bottom of this advert for my own games:
⇩⇩⇩⇩⇩⇩⇩⇩ TOP SCRATCH GAMES LIST ⇩⇩⇩⇩⇩⇩⇩⇩
==========================================
✪✪✪✪✪Fidget Spinner Pro 88K views ✪✪✪✪✪
https://scratch.mit.edu/projects/157306339/
==========================================
✪✪✪✪✪ Youtube Paper 62K views ✪✪✪✪✪
https://scratch.mit.edu/projects/204080242/
==========================================
✪✪✪✪✪ Fidget Spinner Pro 2 68K views ✪✪✪✪✪
https://scratch.mit.edu/projects/163415324/
==========================================
✪✪✪✪✪ Starwars 3D 62K views ✪✪✪✪✪
https://scratch.mit.edu/projects/132886879/
==========================================
✪✪✪✪✪Minecraft Mod 34K views✪✪✪✪✪
https://scratch.mit.edu/projects/137095063/
==========================================
✪✪✪✪✪ My FIFA 18 soccer 52K views✪✪✪✪✪
https://scratch.mit.edu/projects/203420953/ 
==========================================
✪✪✪✪✪ Paper YouTube 48K views ✪✪✪✪✪
https://scratch.mit.edu/projects/204080242/
==========================================
✪✪✪✪✪ Mario V Sonic 3D 43K views ✪✪✪✪✪
https://scratch.mit.edu/projects/214635219/
==========================================
✪✪✪✪✪ YouTube FameGame 29K views ✪✪✪✪✪
https://scratch.mit.edu/projects/151305762/
==========================================
✪✪✪✪✪ ScratchFame Game 29K views ✪✪✪✪✪
 https://scratch.mit.edu/projects/149610906/
==========================================
✪✪✪✪✪ Pokemon Go 20K views ✪✪✪✪✪
https://scratch.mit.edu/projects/116609790/
==========================================
✪✪✪✪✪ TXT ME 17K views ✪✪✪✪✪
https://scratch.mit.edu/projects/153330174/
==========================================
✪✪✪✪✪ The Simpsons 3D 16K views ✪✪✪✪✪
https://scratch.mit.edu/projects/137865796/
==========================================
✪✪✪✪✪ SpiderFan 16K views ✪✪✪✪✪
https://scratch.mit.edu/projects/207124049/
==========================================
✪✪✪✪✪ Just Dance 11K views ✪✪✪✪✪
https://scratch.mit.edu/projects/73215842/
==========================================
✪✪✪✪✪Plus loads of other top games! ✪✪✪✪✪

Music

Taylor Swift - Look What You Made Me Do (Clean, radio edit)
Marshmello - Find Me (Clean, radio edit)
DNCE - Cake by the ocean (Clean, radio edit)

Emojis by Apple 
Bods by homestuck","✪✪✪✪✪✪✪✪✪✪✪✪ Paper Netflix is here! ✪✪✪✪✪✪✪✪✪✪✪✪
✪✪✪ https://scratch.mit.edu/projects/236780315/#fullscreen ✪✪✪
✪✪✪✪✪✪✪✪✪✪✪✪✪✪✪✪✪✪✪✪✪✪✪✪✪✪✪✪✪✪✪✪✪✪✪✪

Squishy Faces 

A clicker game, an icon maker and 60 unlockable squishy faces!

Squish the faces, earn points, unlock more faces.  
The more you own, the faster you earn!

Please Love, Fav and Follow!
Squishy squishies https://scratch.mit.edu/projects/234489335/
Remixing saves your game progress to your remixed game!
",visible,True,3055199,unknown,https://cdn2.scratch.mit.edu/get_image/project/236246423_480x360.png,2018-07-12T17:17:33.000Z,2018-08-11T07:52:09.000Z,2018-07-15T18:54:32.000Z,24182,1099,846,958,0,,
236780315,Paper Netflix ,"Beta crew credits: Special thanks to @y3t1e  and @ folowM3
@John-6_7   @Okos2006  @DFISAWESOME
@KOZZ22  @hello20089  @Supercattygal  @Pixel_Fusion


FULL credits are at the bottom of this advert for my own games:
⇩⇩⇩⇩⇩⇩⇩⇩ TOP SCRATCH GAMES LIST ⇩⇩⇩⇩⇩⇩⇩⇩
==========================================
✪✪✪✪✪Fidget Spinner Pro 88K views ✪✪✪✪✪
https://scratch.mit.edu/projects/157306339/
==========================================
✪✪✪✪✪ Youtube Paper 62K views ✪✪✪✪✪
https://scratch.mit.edu/projects/204080242/
==========================================
✪✪✪✪✪ Fidget Spinner Pro 2 68K views ✪✪✪✪✪
https://scratch.mit.edu/projects/163415324/
==========================================
✪✪✪✪✪ Starwars 3D 62K views ✪✪✪✪✪
https://scratch.mit.edu/projects/132886879/
==========================================
✪✪✪✪✪Minecraft Mod 34K views✪✪✪✪✪
https://scratch.mit.edu/projects/137095063/
==========================================
✪✪✪✪✪ My FIFA 18 soccer 52K views✪✪✪✪✪
https://scratch.mit.edu/projects/203420953/ 
==========================================
✪✪✪✪✪ Paper YouTube 48K views ✪✪✪✪✪
https://scratch.mit.edu/projects/204080242/
==========================================
✪✪✪✪✪ Mario V Sonic 3D 43K views ✪✪✪✪✪
https://scratch.mit.edu/projects/214635219/
==========================================
✪✪✪✪✪ YouTube FameGame 29K views ✪✪✪✪✪
https://scratch.mit.edu/projects/151305762/
==========================================
✪✪✪✪✪ ScratchFame Game 29K views ✪✪✪✪✪
 https://scratch.mit.edu/projects/149610906/
==========================================
✪✪✪✪✪ Pokemon Go 20K views ✪✪✪✪✪
https://scratch.mit.edu/projects/116609790/
==========================================
✪✪✪✪✪ TXT ME 17K views ✪✪✪✪✪
https://scratch.mit.edu/projects/153330174/
==========================================
✪✪✪✪✪ The Simpsons 3D 16K views ✪✪✪✪✪
https://scratch.mit.edu/projects/137865796/
==========================================
✪✪✪✪✪ SpiderFan 16K views ✪✪✪✪✪
https://scratch.mit.edu/projects/207124049/
==========================================
✪✪✪✪✪ Just Dance 11K views ✪✪✪✪✪
https://scratch.mit.edu/projects/73215842/
==========================================
✪✪✪✪✪Plus loads of other top games! ✪✪✪✪✪
Snoopy and Peanuts - Created by Charles M. Schulz
Shrek - Created by Dreamworks
Mr Bean - Created by the GENIUS of Rowan Atkinson
Boss Baby - Created by Netflix and dreamworks
Garfield - Created by Jim Davis
Despicable me - By Universal Pictures & Illumination Entertainment
Alvin and the Chipmunks, Created by Ross Bagdasarian
Angry Birds - Created by Rovio Entertainment
Shrek - Created by Dreamworks.
Peanuts soundtrack is by Taylor Swift - Look What You Made Me
Minions soundtrack is from Megaman 2.
Mr Bean soundtrack is by Bruno Mars - Uptown Funk
Blag screen - music by Chiptunes - Burning Hermann
Obviously, all artwork remains property of their respective owners.
Netflix logo - owned by netflix!
Title page font by FlamingText and paint.net
","Inspired by Netflix.  Not a clone!

Paper Netflix - the ON DEMAND video player on scratch!

BIG project, takes a bit to load.  Click a show to watch it.  First 100 to love, fav and comment, WIN a chance of Beta crew credit!

Remember to love, fav and follow!


==========================================
✪✪✪✪✪Fidget Spinner Pro 88K views ✪✪✪✪✪
https://scratch.mit.edu/projects/157306339/
==========================================
✪✪✪✪✪ Youtube Paper 62K views ✪✪✪✪✪
https://scratch.mit.edu/projects/204080242/
==========================================
✪✪✪✪✪ Fidget Spinner Pro 2 68K views ✪✪✪✪✪
https://scratch.mit.edu/projects/163415324/
==========================================
✪✪✪✪✪ Starwars 3D 62K views ✪✪✪✪✪
https://scratch.mit.edu/projects/132886879/
==========================================
✪✪✪✪✪Minecraft Mod 34K views✪✪✪✪✪
https://scratch.mit.edu/projects/137095063/
==========================================
✪✪✪✪✪ My FIFA 18 soccer 52K views✪✪✪✪✪
https://scratch.mit.edu/projects/203420953/ 
==========================================
✪✪✪✪✪ Paper YouTube 48K views ✪✪✪✪✪
https://scratch.mit.edu/projects/204080242/
==========================================
✪✪✪✪✪ Mario V Sonic 3D 43K views ✪✪✪✪✪
https://scratch.mit.edu/projects/214635219/
==========================================
✪✪✪✪✪ YouTube FameGame 29K views ✪✪✪✪✪
https://scratch.mit.edu/projects/151305762/
==========================================
✪✪✪✪✪ ScratchFame Game 29K views ✪✪✪✪✪
 https://scratch.mit.edu/projects/149610906/
==========================================
✪✪✪✪✪ Pokemon Go 20K views ✪✪✪✪✪
https://scratch.mit.edu/projects/116609790/
==========================================
✪✪✪✪✪ TXT ME 17K views ✪✪✪✪✪
https://scratch.mit.edu/projects/153330174/
==========================================
✪✪✪✪✪ The Simpsons 3D 16K views ✪✪✪✪✪
https://scratch.mit.edu/projects/137865796/
==========================================
✪✪✪✪✪ SpiderFan 16K views ✪✪✪✪✪
https://scratch.mit.edu/projects/207124049/
==========================================
✪✪✪✪✪ Just Dance 11K views ✪✪✪✪✪
https://scratch.mit.edu/projects/73215842/
==========================================
✪✪✪✪✪Plus loads of other top games! ✪✪✪✪✪


Snoopy and Peanuts 
Shrek 
Mr Bean 
Boss Baby
Garfield 
Alvin and the Chipmunks
Angry Birds
",visible,True,3055199,unknown,https://cdn2.scratch.mit.edu/get_image/project/236780315_480x360.png,2018-07-18T19:30:01.000Z,2018-07-28T11:21:04.000Z,2018-07-25T08:01:16.000Z,3539,549,476,353,0,,
238259538,Slime Simulator,"Crew Credits go to...
@Karizardore   @Bo_Tie  @DeluXninja  @Codelanka
@radical9   @SNOWYS1

14th August - updated sliders to custom... improves look and feel.
FULL credits are at the bottom of this advert for my own games:
⇩⇩⇩⇩⇩⇩⇩⇩ TOP SCRATCH GAMES LIST ⇩⇩⇩⇩⇩⇩⇩⇩
==========================================
✪✪✪✪✪Fidget Spinner Pro 88K views ✪✪✪✪✪
https://scratch.mit.edu/projects/157306339/
==========================================
✪✪✪✪✪ Youtube Paper 62K views ✪✪✪✪✪
https://scratch.mit.edu/projects/204080242/
==========================================
✪✪✪✪✪ Fidget Spinner Pro 2 68K views ✪✪✪✪✪
https://scratch.mit.edu/projects/163415324/
==========================================
✪✪✪✪✪ Starwars 3D 62K views ✪✪✪✪✪
https://scratch.mit.edu/projects/132886879/
==========================================
✪✪✪✪✪Minecraft Mod 34K views✪✪✪✪✪
https://scratch.mit.edu/projects/137095063/
==========================================
✪✪✪✪✪ My FIFA 18 soccer 52K views✪✪✪✪✪
https://scratch.mit.edu/projects/203420953/ 
==========================================
✪✪✪✪✪ Paper YouTube 48K views ✪✪✪✪✪
https://scratch.mit.edu/projects/204080242/
==========================================
✪✪✪✪✪ Mario V Sonic 3D 43K views ✪✪✪✪✪
https://scratch.mit.edu/projects/214635219/
==========================================
✪✪✪✪✪ YouTube FameGame 29K views ✪✪✪✪✪
https://scratch.mit.edu/projects/151305762/
==========================================
✪✪✪✪✪ ScratchFame Game 29K views ✪✪✪✪✪
 https://scratch.mit.edu/projects/149610906/
==========================================
✪✪✪✪✪ Pokemon Go 20K views ✪✪✪✪✪
https://scratch.mit.edu/projects/116609790/
==========================================
✪✪✪✪✪ TXT ME 17K views ✪✪✪✪✪
https://scratch.mit.edu/projects/153330174/
==========================================
✪✪✪✪✪ The Simpsons 3D 16K views ✪✪✪✪✪
https://scratch.mit.edu/projects/137865796/
==========================================
✪✪✪✪✪ SpiderFan 16K views ✪✪✪✪✪
https://scratch.mit.edu/projects/207124049/
==========================================
✪✪✪✪✪ Just Dance 11K views ✪✪✪✪✪
https://scratch.mit.edu/projects/73215842/
==========================================
✪✪✪✪✪Plus loads of other top games! ✪✪✪✪✪



Music: Taylor Swift (clean radio edit)- Look What You Made Me Do
Cake by the ocean (clean radio edit) - DNCE
Marshmello (clean radio edit)- Find Me 
Font by FlamingText 
Artwork - trinkets are by Android OS and Apple IOS","Please check out my latest game:  StarWars HyperSpace
https://scratch.mit.edu/projects/244126329/

Slime Simulator is an original, fun, happy and calming game where you can play with and design slime!

Full instructions provided in game.  
Use mouse to play with slime and use it to design your own slime!

Please leave a friendly comment...",visible,True,3055199,unknown,https://cdn2.scratch.mit.edu/get_image/project/238259538_480x360.png,2018-08-05T06:55:41.000Z,2018-09-11T19:39:43.000Z,2018-08-14T20:10:31.000Z,32561,1344,971,1075,0,,
244126329,Star Wars Hyperspace,"Beta Crew Credits:  stary_show. E99win. yo19191. Donutlover84
 -TheDoodler-

Most graphics by me - including ships which are based on George Lucas's Star Wars movies, Music by John Williams. 

⇩⇩⇩⇩⇩⇩⇩⇩ TOP SCRATCH GAMES LIST ⇩⇩⇩⇩⇩⇩⇩⇩
==========================================
✪✪✪✪✪Fidget Spinner Pro 88K views ✪✪✪✪✪
https://scratch.mit.edu/projects/157306339/
==========================================
✪✪✪✪✪ Youtube Paper 62K views ✪✪✪✪✪
https://scratch.mit.edu/projects/204080242/
==========================================
✪✪✪✪✪ Fidget Spinner Pro 2 68K views ✪✪✪✪✪
https://scratch.mit.edu/projects/163415324/
==========================================
✪✪✪✪✪ Starwars 3D 62K views ✪✪✪✪✪
https://scratch.mit.edu/projects/132886879/
==========================================
✪✪✪✪✪Minecraft Mod 34K views✪✪✪✪✪
https://scratch.mit.edu/projects/137095063/
==========================================
✪✪✪✪✪ My FIFA 18 soccer 52K views✪✪✪✪✪
https://scratch.mit.edu/projects/203420953/ 
==========================================
✪✪✪✪✪ Paper YouTube 48K views ✪✪✪✪✪
https://scratch.mit.edu/projects/204080242/
==========================================
✪✪✪✪✪ Mario V Sonic 3D 43K views ✪✪✪✪✪
https://scratch.mit.edu/projects/214635219/
==========================================
✪✪✪✪✪ YouTube FameGame 29K views ✪✪✪✪✪
https://scratch.mit.edu/projects/151305762/
==========================================
✪✪✪✪✪ ScratchFame Game 29K views ✪✪✪✪✪
 https://scratch.mit.edu/projects/149610906/
==========================================
✪✪✪✪✪ Pokemon Go 20K views ✪✪✪✪✪
https://scratch.mit.edu/projects/116609790/
==========================================
✪✪✪✪✪ TXT ME 17K views ✪✪✪✪✪
https://scratch.mit.edu/projects/153330174/
==========================================
✪✪✪✪✪ The Simpsons 3D 16K views ✪✪✪✪✪
https://scratch.mit.edu/projects/137865796/
==========================================
✪✪✪✪✪ SpiderFan 16K views ✪✪✪✪✪
https://scratch.mit.edu/projects/207124049/
==========================================
✪✪✪✪✪ Just Dance 11K views ✪✪✪✪✪
https://scratch.mit.edu/projects/73215842/
==========================================
✪✪✪✪✪Plus loads of other top games! ✪✪✪✪✪

Music By John Williams.

Font by FlamingText ","Use MOUSE to BLAST.  Deathstar conduits are huge... and indestructible so DODGE them!  In Hyperspace, you can only move around the edge of a circle of the vortex. 

 If you love, fav and leave a friendly comment, you might win a mention in Beta Crew Credits.

I'm hoping that this will take my TOTAL views in ALL of my projects to over a MILLION.  At time of launch, I have 984,399 total views in all of my projects.  Update- Reached over 1,000,000!

Play this if you searched for...
awakens
awaken
galaxy
george
lucas
skywalker
force
star wars
star
wars
starwars
SW
#forceawakens
#starwars
#swfa
yoda
kylo ren
luke skywalker
luke
ren
kylo
han solo
han
solo
chewbacca
chewie
bb-8
bb8
r2-d2
bb eight
r2d2
r2
c3po
lightsaber
light-saber
mace windu
mace
windu
sith
the force
jar jar binks
anakin skywalker
darth vader
x-wing
xwing
millennium falcon
palpatine
galactic empire
galactic
first order
tie fighter
ti-fighter
tifighter
ti fighter
Death Star
the force awakens
skywalker
new jedi order
jedi
episode vii
a new hope
return of the jedi
jedi
empire strikes back
the phantom menace 
attack of the clones
revenge of the sith
george lucas
kathleen kennedy
anakin skywalker
the clone wars
stormtrooper
clone wars
cloud city
the jedi temple
dooku
darth tyrannous
darth
jedi
darth sidious
sidious
obi-wan kenobi
obi-wan
kenobi
obiwan
obi wan
atat
at at
astromech droid
astromech
droid
at-st
atst
at st
aurra sing
bantha
y wing
y-wing
ywing
b wing
b-wing
bwing
a wing
a-wing
awing",visible,True,3055199,unknown,https://cdn2.scratch.mit.edu/get_image/project/244126329_480x360.png,2018-09-01T13:46:54.000Z,2018-09-17T20:57:19.000Z,2018-09-11T19:26:51.000Z,51617,2839,2247,1300,0,,
248132718,Skate MARIO Pong!,"Most artwork by Nintendo. Music by Nintendo. Coding by me.
⇩⇩⇩⇩⇩⇩⇩⇩ TOP SCRATCH GAMES LIST ⇩⇩⇩⇩⇩⇩⇩⇩
==========================================
✪✪✪✪✪ StarWars HyperSpace 42K views ✪✪✪✪✪
https://scratch.mit.edu/projects/244126329/#player
==========================================
✪✪✪✪✪ Slime Simulator 30K views ✪✪✪✪✪
https://scratch.mit.edu/projects/238259538/
==========================================
✪✪✪✪✪Fidget Spinner Pro 92K views ✪✪✪✪✪
https://scratch.mit.edu/projects/157306339/
==========================================
✪✪✪✪✪ Youtube Paper 62K views ✪✪✪✪✪
https://scratch.mit.edu/projects/204080242/
==========================================
✪✪✪✪✪ Fidget Spinner Pro 2 68K views ✪✪✪✪✪
https://scratch.mit.edu/projects/163415324/
==========================================
✪✪✪✪✪ Starwars 3D 62K views ✪✪✪✪✪
https://scratch.mit.edu/projects/132886879/
==========================================
✪✪✪✪✪Squishy Squishies  25K views ✪✪✪✪✪
https://scratch.mit.edu/projects/234489335/
==========================================
✪✪✪✪✪Minecraft Mod 34K views✪✪✪✪✪
https://scratch.mit.edu/projects/137095063/
==========================================
✪✪✪✪✪ My FIFA 18 soccer 52K views✪✪✪✪✪
https://scratch.mit.edu/projects/203420953/ 
==========================================
✪✪✪✪✪ Paper YouTube 48K views ✪✪✪✪✪
https://scratch.mit.edu/projects/204080242/
==========================================
✪✪✪✪✪ Mario V Sonic 3D 43K views ✪✪✪✪✪
https://scratch.mit.edu/projects/214635219/
==========================================
✪✪✪✪✪ YouTube FameGame 29K views ✪✪✪✪✪
https://scratch.mit.edu/projects/151305762/
==========================================
✪✪✪✪✪ ScratchFame Game 29K views ✪✪✪✪✪
 https://scratch.mit.edu/projects/149610906/
==========================================
✪✪✪✪✪ Pokemon Go 20K views ✪✪✪✪✪
https://scratch.mit.edu/projects/116609790/
==========================================
✪✪✪✪✪ TXT ME 17K views ✪✪✪✪✪
https://scratch.mit.edu/projects/153330174/
==========================================
✪✪✪✪✪ The Simpsons 3D 16K views ✪✪✪✪✪
https://scratch.mit.edu/projects/137865796/
==========================================
✪✪✪✪✪ SpiderFan 16K views ✪✪✪✪✪
https://scratch.mit.edu/projects/207124049/
==========================================
✪✪✪✪✪ Just Dance 11K views ✪✪✪✪✪
https://scratch.mit.edu/projects/73215842/
==========================================
✪✪✪✪✪Plus loads of other top games! ✪✪✪✪✪
The Beta Crew are: 
TryyalAzureboarder
GoldenAldo
-Angelica-Schuyler-
Itscooldude20
HouseRatimate","Massive UPGRADED Mario game here!
https://scratch.mit.edu/projects/249401152/

Hi.  Welcome to Skate Mario Pong!  Top Trending Game On Scratch!

Use your mouse to move Mario - aim for the skateboard.  
✪Bonus points for tricks (press mouse for a 360). 
✪Bonus points for catching coins. 
✪Watch out for Bowser's hammers - they hurt!

IPad friendly!  Run through Scratch 3.0 beta!
VIRAL or what???? 
Thank you Scratchers! in less than a week, it is about 70,000 views!",visible,True,3055199,unknown,https://cdn2.scratch.mit.edu/get_image/project/248132718_480x360.png,2018-09-24T15:43:07.000Z,2018-10-08T19:20:20.000Z,2018-09-25T21:39:21.000Z,121780,2560,1955,1822,0,,
249401152,Run Mario,"Top Games Testers:  xXGokyXx

Most artwork by Nintendo. Music by Liam (Boss Level - Song [16-Bit Electro]. Coding by me.
⇩⇩⇩⇩⇩⇩⇩⇩ TOP SCRATCH GAMES LIST ⇩⇩⇩⇩⇩⇩⇩⇩
==========================================
✪✪✪✪✪ Skate Mario Pong ✪✪✪✪✪
https://scratch.mit.edu/projects/248132718/
==========================================
✪✪✪✪✪ StarWars HyperSpace 42K views ✪✪✪✪✪
https://scratch.mit.edu/projects/244126329/#player
==========================================
✪✪✪✪✪ Slime Simulator 30K views ✪✪✪✪✪
https://scratch.mit.edu/projects/238259538/
==========================================
✪✪✪✪✪Fidget Spinner Pro 92K views ✪✪✪✪✪
https://scratch.mit.edu/projects/157306339/
==========================================
✪✪✪✪✪ Youtube Paper 62K views ✪✪✪✪✪
https://scratch.mit.edu/projects/204080242/
==========================================
✪✪✪✪✪ Fidget Spinner Pro 2 68K views ✪✪✪✪✪
https://scratch.mit.edu/projects/163415324/
==========================================
✪✪✪✪✪ Starwars 3D 62K views ✪✪✪✪✪
https://scratch.mit.edu/projects/132886879/
==========================================
✪✪✪✪✪Squishy Squishies  25K views ✪✪✪✪✪
https://scratch.mit.edu/projects/234489335/
==========================================
✪✪✪✪✪Minecraft Mod 34K views✪✪✪✪✪
https://scratch.mit.edu/projects/137095063/
==========================================
✪✪✪✪✪ My FIFA 18 soccer 52K views✪✪✪✪✪
https://scratch.mit.edu/projects/203420953/ 
==========================================
✪✪✪✪✪ Paper YouTube 48K views ✪✪✪✪✪
https://scratch.mit.edu/projects/204080242/
==========================================
✪✪✪✪✪ Mario V Sonic 3D 43K views ✪✪✪✪✪
https://scratch.mit.edu/projects/214635219/
==========================================
✪✪✪✪✪ YouTube FameGame 29K views ✪✪✪✪✪
https://scratch.mit.edu/projects/151305762/
==========================================
✪✪✪✪✪ ScratchFame Game 29K views ✪✪✪✪✪
 https://scratch.mit.edu/projects/149610906/
==========================================
✪✪✪✪✪ Pokemon Go 20K views ✪✪✪✪✪
https://scratch.mit.edu/projects/116609790/
==========================================
✪✪✪✪✪ TXT ME 17K views ✪✪✪✪✪
https://scratch.mit.edu/projects/153330174/
==========================================
✪✪✪✪✪ The Simpsons 3D 16K views ✪✪✪✪✪
https://scratch.mit.edu/projects/137865796/
==========================================
✪✪✪✪✪ SpiderFan 16K views ✪✪✪✪✪
https://scratch.mit.edu/projects/207124049/
==========================================
✪✪✪✪✪ Just Dance 11K views ✪✪✪✪✪
https://scratch.mit.edu/projects/73215842/
==========================================
✪✪✪✪✪Plus loads of other top games! ✪✪✪✪✪Music is Super Mario World Theme Song (GFM Trap Remix).
All graphics are derivatives of Mario's Nintendo graphics.","Hi.  Welcome to Run Mario!  

✪Use your mouse (or arrow keys) to move Mario.
✪Avoid baddies!
✪Collect goodies like coins, lives and wings...

Inspired by Mario, but totally unique gameplay!
This will run on Scratch 3.0 beta even on an IPad or Iphone!",visible,True,3055199,unknown,https://cdn2.scratch.mit.edu/get_image/project/249401152_480x360.png,2018-09-30T19:18:09.000Z,2018-10-10T19:11:50.000Z,2018-10-07T15:29:29.000Z,52930,1082,837,849,0,,
